cat,nombre,ciudad,ciudadSugerida,direccion,accion,detalle,distancia,mapaDireccion,mapaNombre,id
"CONFLICTO","AGRUPACION DE VIVIENDA LOS ROBLES - P.H.","Bogotá","","Carrera 111A #88B-51","La direccion y el nombre caen a 5.5 km: confirmar cual es la correcta","Por direccion: Cra. 111a #88b-51, Bogotá, Colombia | Por nombre: ""Sala Negocios - Parque Central Los Robles"" Cra. 68a #105 - 73, Bogotá","5.5 km","https://www.google.com/maps?q=4.7247541,-74.1098647","https://www.google.com/maps?q=4.6943626,-74.0705931","HLpR8m79wagEgKbtUMemjfYAnVG3"
"CONFLICTO","CENTRO COMERCIAL CIUDAD MONTES - P.H.","Bogotá","","CALLE 11 SUR 31-39","La direccion y el nombre caen a 2.4 km: confirmar cual es la correcta","Por direccion: Ac. 11 Sur #31-39, Antonio Nariño, Bogotá, Cundinamarca, Colombia | Por nombre: ""Centro comercial Ciudad Montes - Bogotá"" Cl. 1d #40a-3, Bogotá","2.4 km","https://www.google.com/maps?q=4.5842676,-74.09334989999999","https://www.google.com/maps?q=4.5985304,-74.1093197","ecnQOGZORQfRxEQZ6HwzFzoTvdg1"
"CONFLICTO","CONJUNTO RESIDENCIAL ALAMEDAS I DE SUBA - P.H.","Bogotá","","CALLE 131C 126-82","La direccion y el nombre caen a 33.1 km: confirmar cual es la correcta","Por direccion: Cl. 131c #126 - 82, Suba, Bogotá, Cundinamarca, Colombia | Por nombre: ""Conjunto Residencial Alamedas De Suba I"" Cl. 131c #126 - 43, Suba, Bogotá, Zipaquirá, Cundinamarca","33.1 km","https://www.google.com/maps?q=4.7396549,-74.1122961","https://www.google.com/maps?q=5.026002999999999,-74.0300122","VeENLdaaqOZP6O7Xp4EVO7tSem02"
"CONFLICTO","CONJUNTO RESIDENCIAL ALTAVISTA P.H","Bogotá","","Carrera 80G 6 – 19","La direccion y el nombre caen a 11.0 km: confirmar cual es la correcta","Por direccion: Cra. 80G #6-19, Bogotá, Colombia | Por nombre: ""Conjunto Residencial Altavista"" Ac 100 #64-51, Bogotá","11.0 km","https://www.google.com/maps?q=4.636840299999999,-74.1531728","https://www.google.com/maps?q=4.689036,-74.0689888","NF7uInXmk6cDU3r9AL32aIGWOd22"
"CONFLICTO","CONJUNTO RESIDENCIAL COLINA CLUB - P.H.","Bogotá","","CARRERA 62 165A - 88","La direccion y el nombre caen a 974 m: confirmar cual es la correcta","Por direccion: Cra. 62 #165A-88, Bogotá, Colombia | Por nombre: ""Colina Club Residencial (Av. Boyacá)"" Cra. 72 #152B-90, Bogotá","974 m","https://www.google.com/maps?q=4.7497783,-74.06145939999999","https://www.google.com/maps?q=4.741693,-74.0648355","k5OKerQmOKbXfgUSXSUCJLeSvav2"
"CONFLICTO","CONJUNTO RESIDENCIAL DALIA - P.H.","Bogotá","Soacha","Carrera. 31 este #41-99","La direccion y el nombre caen a 5.1 km: confirmar cual es la correcta","Por direccion: Cra. 31 Este #41-99, Soacha, Cundinamarca, Colombia | Por nombre: ""Conjunto Residencial Dalia"" #17., Cra. 31 Este #4199, Soacha, Cundinamarca","5.1 km","https://www.google.com/maps?q=4.5728116,-74.1820886","https://www.google.com/maps?q=4.6021314,-74.2174507","jIcY0JhLhEayRB30HC1ZdydVLR72"
"CONFLICTO","CONJUNTO RESIDENCIAL JULIANA - P.H.","Bogotá","","LA CARRERA 10 #4-20","La direccion y el nombre caen a 1.1 km: confirmar cual es la correcta","Por direccion: Cra. 10 #4-20, Bogotá, Colombia | Por nombre: ""Conjunto Residencial Juliana"" Cra. 10 #420, Bogotá","1.1 km","https://www.google.com/maps?q=4.5934754,-74.08237419999999","https://www.google.com/maps?q=4.584806899999999,-74.08754929999999","v1zZtlgeJzLBZhOs4jql3qbHmG72"
"CONFLICTO","CONJUNTO RESIDENCIAL PALO ROSA - P.H.","Bogotá","","Carrera 1 # 30 -78","La direccion y el nombre caen a 17.1 km: confirmar cual es la correcta","Por direccion: Cra. 1 #30-78, Bogotá, Colombia | Por nombre: ""Conjunto Residencial Palo Rosa"" Cl. 37 #38-161, Soacha, Cundinamarca","17.1 km","https://www.google.com/maps?q=4.6142846,-74.0639475","https://www.google.com/maps?q=4.6135597,-74.2185792","9Cdb2JGBTQRFPPxBjhdqLH0ljaz1"
"CONFLICTO","CONJUNTO RESIDENCIAL PUNTA DEL ESTE - P.H.","Bogotá","","Carrera 64 No. 23 A- 49","La direccion y el nombre caen a 9.1 km: confirmar cual es la correcta","Por direccion: Cra. 64 #23A-49, Bogotá, Colombia | Por nombre: ""Conjunto Residencial Punta del Este etapas I II"" Cl. 13 Sur #14-61 este, San Cristóbal, Sur, Bogotá","9.1 km","https://www.google.com/maps?q=4.6463287,-74.1047258","https://www.google.com/maps?q=4.569960000000001,-74.076103","ew9TcnVFp2XnQ3HSjiUwGL1uLOr1"
"CONFLICTO","CONJUNTO RESIDENCIAL PUNTA DEL ESTE ETAPA 1 Y 2 - P.H.","Bogotá","","Calle 54 A Sur No. 37 - 81","La direccion y el nombre caen a 7.6 km: confirmar cual es la correcta","Por direccion: Cl. 54a Sur #37-81, Bogotá, D.C, Bogotá, Colombia | Por nombre: ""Conjunto Residencial Punta del Este etapas I II"" Cl. 13 Sur #14-61 este, San Cristóbal, Sur, Bogotá","7.6 km","https://www.google.com/maps?q=4.586734499999999,-74.1427254","https://www.google.com/maps?q=4.569960000000001,-74.076103","JxsRCyXVaxTLKJpvTTImTMNzB9k1"
"CONFLICTO","CONJUNTO RESIDENCIAL TIERRABUENA ETAPA I - P.H.","Bogotá","","carrera 98 # 2 – 20","La direccion y el nombre caen a 537 m: confirmar cual es la correcta","Por direccion: Cra. 98 #2-20, Kennedy, Bogotá, Cundinamarca, Colombia | Por nombre: ""Tierra Buena del Porvenir Etapa 1"" Cl. 34A Sur #99a-45, Kennedy, Bogotá","537 m","https://www.google.com/maps?q=4.6510845,-74.16878059999999","https://www.google.com/maps?q=4.6515264,-74.1736026","wYT5FjKl5AeCkjf8jYKKA4TfLc73"
"CONFLICTO","EDIFICIO VERAGUAS CENTRAL - P.H.","Bogotá","","CARRERA 34 5-39/47","La direccion y el nombre caen a 1.2 km: confirmar cual es la correcta","Por direccion: Cra. 34 #5-39, Puente Aranda, Bogotá, Colombia | Por nombre: ""Edificio Veraguas Central"" 09, Cl. 5 #25A, Antonio Nariño, Bogotá","1.2 km","https://www.google.com/maps?q=4.6088574,-74.10298159999999","https://www.google.com/maps?q=4.6014566,-74.09534599999999","UyGKK4cLJ7gJpu4f3GTnRyzGKAn2"
"CIUDAD","CONJUNTO RESIDENCIAL HORTENSIA - P.H.","Bogotá","Soacha","Calle 33 # 39 – 95","Bien ubicado; solo falta la ciudad","","","https://www.google.com/maps?q=4.6134636,-74.22178439999999","","esNU2q29MlfYZImk7FFwBrmGgXx2"
"DIRECCION","AGRUPACION DE VIVIENDA ACACIA - P.H.","Soacha","","CALLE 34 No.38SUR -161 SOACHA","Google no reconoce la direccion registrada; por nombre esta en ""Cl. 34A #38-161, Soacha, Cundinamarca""","La direccion no sirvio; se ubico buscando el nombre (Google: ""Conjunto Residencial Acacia"")","","","https://www.google.com/maps?q=4.6131383,-74.21981370000002","bcj6EPTZqhb6drwCcAOHxlPWH6E3"
"DIRECCION","AGRUPACION DE VIVIENDA CONJUNTO RESIDENCIAL SANTA INES - P.H.","Bogotá","","Calle 28ª Bis 8-19 Este","Google no reconoce la direccion registrada; por nombre esta en ""Cl. 28a Bis Sur #8 Este-1 a 8 Este-45, Cl. 28a Bis Sur #8-54, Bogotá""","La direccion no sirvio; se ubico buscando el nombre (Google: ""Conjunto Residencial Santa Ines"")","","","https://www.google.com/maps?q=4.561319699999999,-74.0850846","JkcqqAesq2cFfC4d8eNQY8MN7fb2"
"DIRECCION","AGRUPACION VIGIA DEL PARQUE ETAPA 1 - P.H.","Bogotá","","","Completar direccion (Google por nombre: ""Cra. 72h Bis #42F-12 sur, Bogotá"")","","","","https://www.google.com/maps?q=4.6042629,-74.1475389","3t0tC76NfEOMa0IZ8RjdK91C20A2"
"DIRECCION","CONJUNTO CERRADO LOS BUGANVILES - P.H.","Carmen de Apicalá","","CARMEN DE APICALA BARRIO SAN JUAN LOZANO","Google no reconoce la direccion registrada; por nombre esta en ""Carmen de Apicalá, Tolima""","La direccion no sirvio; se ubico buscando el nombre (Google: ""Condominio Residencial Los Buganviles"")","","","https://www.google.com/maps?q=4.1447953,-74.72730539999999","i6w5uYk8NNSvV5vLa1mlb7blMIs1"
"DIRECCION","CONJUNTO DE USO RESIDENCIAL SANTA MARIA DEL SALITRE - P.H.","Bogotá","","","Completar direccion (Google por nombre: ""Cra. 68b #23-50, Bogotá"")","","","","https://www.google.com/maps?q=4.651418,-74.10928659999999","sgPdkp9XOzYcr907uB1pB8ht0t22"
"DIRECCION","CONJUNTO RESIDENCIAL BRISAS DE CASTILLA - P.H.","Bogotá","","Calle 10a # 81 d - 15","Google no reconoce la direccion registrada; por nombre esta en ""Cl. 10 #81B-55, Bogotá""","La direccion no sirvio; se ubico buscando el nombre (Google: ""Conjunto Residencial Brisas de Castilla"")","","","https://www.google.com/maps?q=4.6470588,-74.1454578","wVq6bP8YsehydWFrasXENVlQz6F3"
"DIRECCION","CONJUNTO RESIDENCIAL CALLEJON DE SANTA BARBARA REAL - P.H.","Bogotá","","CADA CASA TIENE SU DIRECCION","Google no reconoce la direccion registrada; por nombre esta en ""Dg. 48p Sur, Bogotá""","La direccion no sirvio; se ubico buscando el nombre (Google: ""Conjunto residencial callejón de santa bárbara real"")","","","https://www.google.com/maps?q=4.5566463,-74.1147204","G6FumeXk7LSTq8Ts6gLQnwntdmj2"
"DIRECCION","CONJUNTO RESIDENCIAL CASAS DE SANTAFE - P.H.","Bogotá","","CRA 36 A # 54 A 27 SUR","Google no reconoce la direccion registrada; por nombre esta en ""Bogotá""","La direccion no sirvio; se ubico buscando el nombre (Google: ""Conjunto Residencial Casas De Santafé"")","","","https://www.google.com/maps?q=4.5851183,-74.1423708","8j1IfTILzwSbo44o1LcQMQgVLha2"
"DIRECCION","CONJUNTO RESIDENCIAL CELTA CAMPESTRE - P.H.","Funza","Mosquera","CALLE 10 10-60 FUNZA","Google no reconoce la direccion registrada; por nombre esta en ""Cl. 7 #10-60, Funza, Mosquera, Cundinamarca""","La direccion no sirvio; se ubico buscando el nombre (Google: ""Celta Campestre Conjunto Residencial"")","","","https://www.google.com/maps?q=4.711272699999999,-74.2158675","s4Z5O4UUAxfgdppkDcjZSqjkI4s1"
"DIRECCION","CONJUNTO RESIDENCIAL LOS CONDOMINIOS II DE TIERRA BUENA - P.H.","Bogotá","","Carrera 95ª No. 34-75 Sur","Google no reconoce la direccion registrada; por nombre esta en ""Cl. 34 Bis Sur #75 a 99, Bogotá""","La direccion no sirvio; se ubico buscando el nombre (Google: ""Los Condominios de Tierra Buena II"")","","","https://www.google.com/maps?q=4.6496949,-74.1714566","jUPGghfQcncynhRqj0XuBo6agWl2"
"DIRECCION","CONJUNTO RESIDENCIAL PARQUES DE CASTILLA 7 - P.H.","Bogotá","","","Completar direccion (Google por nombre: ""Cra. 79a #11A-40, Bogotá"")","","","","https://www.google.com/maps?q=4.6462882,-74.1390262","UXIcO3lO0MUaaIR4oPRDtmfa8dC3"
"DIRECCION","CONJUNTO RESIDENCIAL PORTAL DE LAS SIERRAS - P.H.","Bogotá","","CALLE 65 SUR 1B-51 ESTE","Google no reconoce la direccion registrada; por nombre esta en ""Cra. 11 #65-70, sur, Bogotá""","La direccion no sirvio; se ubico buscando el nombre (Google: ""Conjunto Residencial Portal De Las Sierras"")","","","https://www.google.com/maps?q=4.5340558,-74.1173629","wd4gAErFULdPnAzvzwvRW69K5nI2"
"DIRECCION","CONJUNTO RESIDENCIAL TORRES DE SAN ISIDRO - P.H.","Bogotá","","Carrera 69D # 151 Sur","Google no reconoce la direccion registrada; por nombre esta en ""Cra. 69d #1 Sur-51, Bogotá""","La direccion no sirvio; se ubico buscando el nombre (Google: ""Conjunto Residencial Torres De San Isidro"")","","","https://www.google.com/maps?q=4.6211342,-74.1313083","RwsR4gr1T1VLp93Owxelu6luzF52"
"DIRECCION","CONJUNTO RESIDENCIAL VIGIA DEL PARQUE 2 - P.H.","Bogotá","","Calle 43ª Sur No. 72C-50 Interior 1 Sector Urapanes","Google no reconoce la direccion registrada; por nombre esta en ""Cl. 43a Sur #72G-20, Bogotá""","La direccion no sirvio; se ubico buscando el nombre (Google: ""Conjunto Residencial Vigia del Parque 2"")","","","https://www.google.com/maps?q=4.602398,-74.14718289999999","HtVAfwNYaZb8tNy1w6sdpaGtDvD2"
"DIRECCION","CONJUNTO RESIDENCIAL VILLA VERDE - P.H.","Bogotá","","Transversal 2 # 18 A 30 Sur","Google no reconoce la direccion registrada; por nombre esta en ""Cl. 78 Bis Sur #94-27, Bogotá""","La direccion no sirvio; se ubico buscando el nombre (Google: ""Villa Verde"")","","","https://www.google.com/maps?q=4.6273479,-74.20673049999999","yW72KZqedcSZMgo5IO0QBMtWq053"
"DIRECCION","CONJUNTO RESIDENCIAL VIZCAYA CASTILLA RESERVADO - P.H.","Bogotá","","CARRERA 8A 90A-67","Google no reconoce la direccion registrada; por nombre esta en ""Cl. 8a #90a-67, Bogotá""","La direccion no sirvio; se ubico buscando el nombre (Google: ""Agrupación Residencial Vizcaya - Castilla Reservado"")","","","https://www.google.com/maps?q=4.6537766,-74.15554709999999","71GUzf2KFldR6PTp7NqBKaJYTtm1"
"DIRECCION","EDIFICIO MIRADOR DE SAN CRISTOBAL - P.H.","Bogotá","","Carrera 10ª Este No. 17ª – 67 Sur","Google no reconoce la direccion registrada; por nombre esta en ""Cra. 5 Este #13 Sur-84 a Calle 13 Sur, #2, Bogotá""","La direccion no sirvio; se ubico buscando el nombre (Google: ""Edificio Mirador de San Cristóbal"")","","","https://www.google.com/maps?q=4.570976,-74.0814472","chvAEGzRtZdXy73VqhVbhH4WW6I2"
"DIRECCION","UNIDAD RESIDENCIAL AVENIDA SUBA URAS - P.H.","Bogotá","","TV 60 No. 106-25 / CR 65 No. 103-87/81","Google no reconoce la direccion registrada; por nombre esta en ""Av Suba #15, Bogotá""","La direccion no sirvio; se ubico buscando el nombre (Google: ""URAS. Unidad Residencial Avenida Suba"")","","","https://www.google.com/maps?q=4.6938409,-74.0678441","NYFjkGqwcbUq21TIKqtGhtdch4k1"
"DIRECCION","UNIDAD RESIDENCIAL VILLA EMILIA - P.H.","Bogotá","","","Completar direccion (Google por nombre: ""Conjunto Residencial Villa Emilia, Cra. 69b #17 Sur-59, Kennedy, Bogotá"")","","","","https://www.google.com/maps?q=4.6176114,-74.1300519","zka5McuySSVa4YCoCSgwltVUip23"
"PIN","AGRUPACIÓN DE LOTES URBANIZACION ICONIK 68 - P.H.","Bogotá","","AV CR 68 5 93","Google no encuentra ni la direccion ni el nombre: corregir la direccion o poner el pin a mano","Google la cambio por ""Av 68 #68B-05""","","","","HYzh7lnUoIdkW8grvIQGqSokXiZ2"
"PIN","AGRUPACION DE VIVIENDA BARICHARA - P.H.","Soacha","","CARRERA 1 30-78 SUR SOACHA","Confirmar el pin en el mapa: Google no confirmo el Sur/Este de la direccion (el nombre lo confirma a 0 m)","","0 m","https://www.google.com/maps?q=4.5832511,-74.2040906","https://www.google.com/maps?q=4.5832511,-74.2040906","nl28GZJnFITNc7GVlJ63XNk8qn42"
"PIN","AGRUPACION DE VIVIENDA FAMILIAR 6 MADELENA SECTOR IV - P.H.","Bogotá","","","Sin direccion y Google no lo encuentra por nombre: escribir la direccion o poner el pin a mano","","","","","BQy7JFiJOMbbrtCHKnPBIhyFa7r2"
"PIN","AGRUPACION DE VIVIENDA TEKOA ETAPA V - P.H.","Bogotá","","Calle 52 Sur No 95 b – 10","Google no encuentra ni la direccion ni el nombre: corregir la direccion o poner el pin a mano","Google la cambio por ""Cl. 52 Sur #95a22""","","","","y1Ebj62iUMZH9z8U00D2VpQfl6z2"
"PIN","CONJUNTO CERRADO TORRES DEL PALMAR - P.H.","Bogotá","","Carrera 7 No 2-08 Sur","Confirmar el pin en el mapa: Google no confirmo el Sur/Este de la direccion (el nombre lo confirma a 21 m)","","21 m","https://www.google.com/maps?q=4.5834658,-74.0829116","https://www.google.com/maps?q=4.5833409,-74.0830551","LSoqbgs2zvN5St6xYgcjCQyRoN82"
"PIN","CONJUNTO MAZUREN SECTOR II AGRUPACION 3 - P.H.","Bogotá","","","Sin direccion y Google no lo encuentra por nombre: escribir la direccion o poner el pin a mano","","","","","TK7W7KQkXoZCYDXimybqsH6Mv3E3"
"PIN","CONJUNTO PARQUE RESIDENCIAL PLAZA DE LAS AMERICAS ETAPA II - P.H.","Bogotá","","CRA 70 B # 3 31 SUR","Confirmar el pin en el mapa: Google no confirmo el Sur/Este de la direccion (el nombre lo confirma a 4 m)","","4 m","https://www.google.com/maps?q=4.6196684,-74.1331877","https://www.google.com/maps?q=4.6196984,-74.13316669999999","yypZ4kL1GSZtPqPZXmnQdwWzkGE3"
"PIN","CONJUNTO RESIDENCIAL ALAMEDA DE SAN JOSE V - P.H.","Bogotá","","CARRERA 88C 45A-66 SUR","Confirmar el pin en el mapa: Google no confirmo el Sur/Este de la direccion (el nombre lo confirma a 69 m)","","69 m","https://www.google.com/maps?q=4.631805100000001,-74.1767036","https://www.google.com/maps?q=4.6323389,-74.1770251","Bgb0xYPeM8dZ6cs0OhrEhsp7xx83"
"PIN","CONJUNTO RESIDENCIAL ALBACETE - P.H.","Bogotá","","la Calle 165 sur # 52 - 54","Confirmar el pin en el mapa: Google no confirmo el Sur/Este de la direccion (el nombre lo confirma a 36 m)","","36 m","https://www.google.com/maps?q=4.7474031,-74.05298479999999","https://www.google.com/maps?q=4.7470764,-74.0530117","HJqAQyua5EdTwnBr0m3lrGgMTIG3"
"PIN","CONJUNTO RESIDENCIAL CAMINO DE LOS ANDES - P.H.","Bogotá","","CALLE 31 SUR 9C -51 ESTE","Confirmar el pin en el mapa: Google no confirmo el Sur/Este de la direccion (el nombre lo confirma a 38 m)","","38 m","https://www.google.com/maps?q=4.558530999999999,-74.081923","https://www.google.com/maps?q=4.5583393999999995,-74.0816404","uQS2gNKVWqY9aKMmoI0LP8g9HE62"
"PIN","CONJUNTO RESIDENCIAL CASA GRANDE MANZANA 3 ETAPA 1 Y 2 - P.H.","Bogotá","","En la Transversal 63 # 68B - 12 Sur","Google no encuentra ni la direccion ni el nombre: corregir la direccion o poner el pin a mano","Google la cambio por ""Tv. 63 #68f27""","","","","h7V4NyGkQXe58qaARqLKgJ4aixu1"
"PIN","CONJUNTO RESIDENCIAL EL BOSQUE LA FELICIDAD - P.H.","Bogotá","","","Sin direccion y Google no lo encuentra por nombre: escribir la direccion o poner el pin a mano","","","","","44DojD9047Q9wdGv9AVtj2RKqql1"
"PIN","CONJUNTO RESIDENCIAL ENTRENUBES PRIMERA ETAPA - P.H.","Bogotá","","En la Calle 48 sur # 4 – 90 este","Google no encuentra ni la direccion ni el nombre: corregir la direccion o poner el pin a mano","Google la cambio por ""Cl. 48 Sur # 77M-4""","","","","Ec4MKZhUP4fWl5IpYXUH28obSKJ2"
"PIN","CONJUNTO RESIDENCIAL KASSAY I - P.H.","Bogotá","","Carrera 98b  # 69 06 sur","Confirmar el pin en el mapa: Google no confirmo el Sur/Este de la direccion","","","https://www.google.com/maps?q=4.6343954,-74.2009934","","Yupv2R31yXQ6BeNEvdGE2cM9SUG2"
"PIN","CONJUNTO RESIDENCIAL MADELENA MANZANA 45 EDIFICIO II - P.H.","Bogotá","","CALLE 62 B SUR 3 62 44","Google no encuentra ni la direccion ni el nombre: corregir la direccion o poner el pin a mano","Google la cambio por ""Cl. 62b Sur # 86D-3 44""","","","","e3zAyuWpMONM8Y6v185upEjWyds2"
"PIN","CONJUNTO RESIDENCIAL MANZANA 52 EL PORVENIR - P.H.","Bogotá","","Carrera 95 a # 54 F - 02 sur","Google no encuentra ni la direccion ni el nombre: corregir la direccion o poner el pin a mano","Google la cambio por ""Cra 95A # 54 SUR-41""","","","","w682yd7NtYe7APqM8raGphSh5lX2"
"PIN","CONJUNTO RESIDENCIAL PARQUE DE LA AVENIDA - P.H.","Bogotá","","Transversal 78K # 41-35 Sur","Confirmar el pin en el mapa: Google no confirmo el Sur/Este de la direccion (el nombre lo confirma a 122 m)","","122 m","https://www.google.com/maps?q=4.6197455,-74.1582044","https://www.google.com/maps?q=4.6198575,-74.1571056","rSTawYpAQ6X2lGOSBB3Cg34Mx482"
"PIN","CONJUNTO RESIDENCIAL QUINTAS DE LA AUTOPISTA SL 2 - P.H.","Bogotá","","Carrera 71 No. 62B-35 Sur","Confirmar el pin en el mapa: Google no confirmo el Sur/Este de la direccion","","","https://www.google.com/maps?q=4.5909869,-74.1642652","","r5QCZBCKVCRWVta9N7DpDg1ELOf1"
"PIN","CONJUNTO RESIDENCIAL RECREO RESERVADO 1 - P.H.","Bogotá","","Cra. 102 No 69-51 Sur","Confirmar el pin en el mapa: Google no confirmo el Sur/Este de la direccion","","","https://www.google.com/maps?q=4.7019114,-74.1213056","","ZBVypse821eVxUztWJXk67etEAq2"
"PIN","UNIDAD RESIDENCIAL CASA BLANCA 32 – P.H.","Bogotá","","CARRERA 79 F 46-16 SUR","Confirmar el pin en el mapa: Google no confirmo el Sur/Este de la direccion","","","https://www.google.com/maps?q=4.6182361,-74.1679296","","pgWNQnEtkKQk3yNbTs9Y6VvnLZj1"
"PIN","UNIDAD RESIDENCIAL CASABLANCA 30 - 31 - P.H.","Bogotá","","CARRERA 79 47B-16 SUR","Google no encuentra ni la direccion ni el nombre: corregir la direccion o poner el pin a mano","Google la cambio por ""Cra. 79 # 8-47""","","","","XQ2Tve5yvggadQPf3YMgztt8mcm2"
"PIN","URBANIZACION TIMIZA CELULA G AGRUPACION G5 BLOQUE GA y GB - P.H.","Bogotá","","la Carrera 78 No. 41 b – 20 sur","Confirmar el pin en el mapa: Google no confirmo el Sur/Este de la direccion","","","https://www.google.com/maps?q=4.6138591,-74.1568425","","qfNAKJzuneWXvNko6nL8OjGNBQ12"
"OK","AGRUPACIÓN DE VIVIENDA BUENOS AIRES II SECTOR PRIMERA ETAPA - P.H.","Bogotá","","Transversal 1b este # 7a - 08 sur","Bien","","","https://www.google.com/maps?q=4.5765594,-74.0799115","","HjDHfEq7HTOECICPahSVXj2igCA2"
"OK","AGRUPACION DE VIVIENDA CIUDAD PRIVADA ATHENAS - P.H.","Bogotá","","CALLE 143#58C-41","Bien","","","https://www.google.com/maps?q=4.7299611,-74.06609569999999","","AnFiJSythmheDSBrfPiOiJR1MFy2"
"OK","AGRUPACION DE VIVIENDA COMPARTIR LA MARGARITA ETAPA 5 - P.H.","Bogotá","","Calle 48 Sur No 89b – 43","Bien (el nombre lo confirma a 65 m)","","65 m","https://www.google.com/maps?q=4.635261499999999,-74.17959309999999","https://www.google.com/maps?q=4.6352421,-74.1790106","WR26R90CStfzcZGrPtx6asEAKjH3"
"OK","AGRUPACION DE VIVIENDA DOS A LOS SAUCES - P.H.","Bogotá","","CALLE 80A 111C-35","Bien","","","https://www.google.com/maps?q=4.7194615,-74.118343","","pJz2jlZZRTXsxlSSGO9lIpQXyUh2"
"OK","AGRUPACION DE VIVIENDA JARDINES DE TIBABUYES - P.H.","Bogotá","","En la Carrera 121 C No.129 D - 24","Bien (el nombre lo confirma a 98 m)","","98 m","https://www.google.com/maps?q=4.7345166,-74.1067447","https://www.google.com/maps?q=4.7338534,-74.1061677","K5shQYKiyyd9YfpaumXFBUdEq2o2"
"OK","AGRUPACION DE VIVIENDA LOS CAMBULOS - P.H.","Bogotá","","Cra. 111C #86a-68","Bien (el nombre lo confirma a 117 m)","","117 m","https://www.google.com/maps?q=4.7239797,-74.1124914","https://www.google.com/maps?q=4.7240395,-74.1114362","eNprrFwXHsc2g1SuLoV9jMFXoY93"
"OK","AGRUPACION DE VIVIENDA MIRADOR DE CASTILLA II - P.H.","Bogotá","","CALLE 12A #71B-61","Bien","","","https://www.google.com/maps?q=4.6413157,-74.1282889","","RTrUvRIapKcsbROc5gd2eZQWqiJ3"
"OK","AGRUPACION DE VIVIENDA NUEVA CASTILLA ETAPA IV - P.H.","Bogotá","","Carrera 88D # 8A-81","Bien (el nombre lo confirma a 8 m)","","8 m","https://www.google.com/maps?q=4.6511286,-74.1519886","https://www.google.com/maps?q=4.6511638,-74.1520467","Coh6vrKbW9XUTPdlKNu1YBO90DG2"
"OK","AGRUPACION DE VIVIENDA PARQUE RESIDENCIAL NUEVO SUBA ETAPA I - P.H.","Bogotá","","Carrera 101A #152A-95","Bien (el nombre lo confirma a 335 m)","","335 m","https://www.google.com/maps?q=4.752649799999999,-74.0897464","https://www.google.com/maps?q=4.7497593,-74.0905983","9Nj3ggf7cUNkE42Yvd1zTio03lD2"
"OK","AGRUPACION DE VIVIENDA PORTAL DE SANTA FE V - P.H.","Bogotá","","CL 54 A SUR 37 81","Bien","","","https://www.google.com/maps?q=4.586734499999999,-74.1427254","","t183gLhO21Q55EKrTSmTvpImve22"
"OK","AGRUPACION DE VIVIENDA SAN LORENZO DE CASTILLA - P.H.","Bogotá","","CARRERA 88D 6D-28","Bien (el nombre lo confirma a 80 m)","","80 m","https://www.google.com/maps?q=4.6477948,-74.15500759999999","https://www.google.com/maps?q=4.648314,-74.1555128","3GiOrsTClEXM0vLrpCV9jwGUBLE2"
"OK","AGRUPACION DE VIVIENDA SAN MARCOS - P.H.","Bogotá","","Calle 139 No. 94 – 90","Bien (el nombre lo confirma a 4 m)","","4 m","https://www.google.com/maps?q=4.7385326,-74.0885165","https://www.google.com/maps?q=4.7384984,-74.0885184","zKeXB9DeKTeixdYUffoSYL1Uk2j2"
"OK","AGRUPACION DE VIVIENDA SANTA MARIA DE ALSACIA - P.H.","Bogotá","","Calle 12C No. 71B-60","Bien (el nombre lo confirma a 18 m)","","18 m","https://www.google.com/maps?q=4.642518,-74.12597199999999","https://www.google.com/maps?q=4.6425999,-74.12610769999999","v64Zsoq4zxdmE93PUIEit75L1ia2"
"OK","AGRUPACION FLORESTA SAN RAFAEL - P.H.","Zipaquirá","","Calle 28 A # 22 A – 92 Zipaquirá","Bien (el nombre lo confirma a 5 m)","","5 m","https://www.google.com/maps?q=5.0344294,-73.9883895","https://www.google.com/maps?q=5.034459099999999,-73.9883582","6Q952qxaOoUJiVeLGC0EOj1DNeA2"
"OK","ALANDRA CONJUNTO RESIDENCIAL - P.H.","Bogotá","","CALLE 12C 71C-61","Bien (el nombre lo confirma a 19 m)","","19 m","https://www.google.com/maps?q=4.6441899,-74.1270112","https://www.google.com/maps?q=4.6442204,-74.12684519999999","8vTwYoR491NXDekdft8lIvjO6Je2"
"OK","CONJUNTO DE USO RESIDENCIAL VILLA DE MADRIGAL - P.H.","Bogotá","","la calle 78a #100b - 10","Bien (el nombre lo confirma a 371 m)","","371 m","https://www.google.com/maps?q=4.710209,-74.113389","https://www.google.com/maps?q=4.7070169,-74.1124116","kEmeq8wXlOdzBTJftQdfQljSPmA2"
"OK","CONJUNTO MULTIFAMILIAR COMPARTIR BOCHICA LOTE VI - P.H.","Bogotá","","DIAGONAL 86A 102-50","Bien","","","https://www.google.com/maps?q=4.7184701,-74.1080309","","XE55rma3LyTPZRXIT1qIVU9dlsz1"
"OK","CONJUNTO MULTIFAMILIAR PASEO DE LAS AMERICAS - P.H.","Bogotá","","Calle 6A # 75-56","Bien (el nombre lo confirma a 0 m)","","0 m","https://www.google.com/maps?q=4.6318697,-74.1445552","https://www.google.com/maps?q=4.6318697,-74.1445552","Fzce8DC8qtg0lE0tOH79qpkWshK2"
"OK","CONJUNTO MULTIFAMILIAR SANTA CLARA DE LOS HAYUELOS - P.H.","Bogotá","","Carrera 91 #19a -29","Bien (el nombre lo confirma a 72 m)","","72 m","https://www.google.com/maps?q=4.6667001,-74.1362912","https://www.google.com/maps?q=4.6666177,-74.135651","kXhy5J82HcbhufO1yZHm2XHEQ952"
"OK","CONJUNTO RESIDENCIAL ALAMEDA DEL PORVENIR SEGUNDA ETAPA - P.H.","Bogotá","","calle 55 sur  # 104 – 49","Bien","","","https://www.google.com/maps?q=4.644018099999999,-74.1945054","","kXZDjJ9JBdcScge8Fngz38GdLvH3"
"OK","CONJUNTO RESIDENCIAL ALBORADA - P.H.","Bogotá","","CALLE 13A 83-25","Bien (el nombre lo confirma a 0 m)","","0 m","https://www.google.com/maps?q=4.6530961,-74.14142919999999","https://www.google.com/maps?q=4.6530961,-74.14142919999999","mIWGCub1WhgHhyaKg1eB9tBZ3HJ2"
"OK","CONJUNTO RESIDENCIAL ALCAPARRO - P.H.","Soacha","","Calle 13 #30-163 Soacha (Ciudad Verde)","Bien (el nombre lo confirma a 1 m)","","1 m","https://www.google.com/maps?q=4.5984655,-74.22188899999999","https://www.google.com/maps?q=4.5984643,-74.2218839","QVFr6JgSVaTxmZJLUpuq80WscUy1"
"OK","CONJUNTO RESIDENCIAL ALMERIA - P.H.","Bogotá","","CL 157 #13 B 20","Bien (el nombre lo confirma a 11 m)","","11 m","https://www.google.com/maps?q=4.7356871,-74.0350912","https://www.google.com/maps?q=4.7356223,-74.0351644","3qv8DcdAJHMaxlQpJEliiAiTYRM2"
"OK","CONJUNTO RESIDENCIAL ALSACIA RESERVADO 2 - P.H.","Bogotá","","la carrera 71D No. 12c-60","Bien","","","https://www.google.com/maps?q=4.6453996,-74.1275139","","5t9xRf0nOBX1lfVo0kMXRSqIYJk1"
"OK","CONJUNTO RESIDENCIAL AMERICAS 68 MANZANA 2 - P.H.","Bogotá","","AVE CARRERA 68 # 1 A 55","Bien","","","https://www.google.com/maps?q=4.6226783,-74.12549849999999","","gppJAthDbBcVmOxU2pvt7CpQvuI2"
"OK","CONJUNTO RESIDENCIAL ANTURIO I - P.H.","Soacha","","Carrera 38 No. 17 45 Ciudad Verde","Bien (el nombre lo confirma a 0 m)","","0 m","https://www.google.com/maps?q=4.6108211,-74.22259009999999","https://www.google.com/maps?q=4.6108211,-74.22259009999999","BUG0IhfiQBfUlW8N0YupqNMsV2E3"
"OK","CONJUNTO RESIDENCIAL ARBOLEDA DEL JORDAN - P.H.","Bogotá","","CALLE 20C #106 - 27","Bien (el nombre lo confirma a 119 m)","","119 m","https://www.google.com/maps?q=4.6796614,-74.1467883","https://www.google.com/maps?q=4.6799887,-74.1457702","9RawWdpP7QYH2hczbDgHZA9sTeE3"
"OK","CONJUNTO RESIDENCIAL BOSQUE VERDE - P.H.","Bogotá","","Calle 131 #78ª-61","Bien (el nombre lo confirma a 60 m)","","60 m","https://www.google.com/maps?q=4.724826,-74.07840929999999","https://www.google.com/maps?q=4.7245686,-74.07793219999999","DFnxHhFfFga0ArgPqsEwjpuDZq42"
"OK","CONJUNTO RESIDENCIAL CANELO - P.H.","Bogotá","","CALLE  172 A # 8-20","Bien (el nombre lo confirma a 82 m)","","82 m","https://www.google.com/maps?q=4.750946900000001,-74.02820919999999","https://www.google.com/maps?q=4.7508412,-74.0274752","V3b96K9kdYUVOb7E6eSa8GA8uWv1"
"OK","CONJUNTO RESIDENCIAL CASA GRANDE MANZANA 3 SUPERLOTE 2 - P.H.","Bogotá","","Transversal 63 # 68B -24 Sur","Bien","","","https://www.google.com/maps?q=4.581316300000001,-74.1592363","","GuEGXjBZNnWOkhMZKTHNFSM2LlI2"
"OK","CONJUNTO RESIDENCIAL CASA LINDA ETAPA 8 - P.H.","Bogotá","","CRA 4 ESTE No 30-77","Bien","","","https://www.google.com/maps?q=4.5818077,-74.20367800000001","","lZiAWeuTmTVt2iIZ0ruz8Bqd6MA3"
"OK","CONJUNTO RESIDENCIAL CASTILLA DE ORO - P.H.","Bogotá","","CALLE 127C 5-28","Bien (el nombre lo confirma a 11 m)","","11 m","https://www.google.com/maps?q=4.7053854,-74.026185","https://www.google.com/maps?q=4.705483699999999,-74.0262145","7LBYO3kdGSTQcyXBWSqSofkJohm1"
"OK","CONJUNTO RESIDENCIAL CASTILLA OCCIDENTAL - P.H.","Bogotá","","CARRERA 82A 6B-30","Bien (el nombre lo confirma a 86 m)","","86 m","https://www.google.com/maps?q=4.6396377,-74.1528058","https://www.google.com/maps?q=4.640270699999999,-74.153247","j9vU6ExrGVPkKoZQ59w5gK94jWh2"
"OK","CONJUNTO RESIDENCIAL CIUDAD FAVIDI MV 11 - P.H.","Bogotá","","CALLE 13 78D-13","Bien","","","https://www.google.com/maps?q=4.6490496,-74.1339761","","z7THDFAvSmWNYh09d09iwGOmZTg2"
"OK","CONJUNTO RESIDENCIAL CONDOMINIO PLAZA DEL SOL - P.H.","Bogotá","","CALLE 22B 58-60","Bien (el nombre lo confirma a 0 m)","","0 m","https://www.google.com/maps?q=4.6426131,-74.1024316","https://www.google.com/maps?q=4.6426131,-74.1024316","4PVslWLNTdZ3kl1Om9CzY66GqQp1"
"OK","CONJUNTO RESIDENCIAL CUMBRES DEL SALITRE III - P.H.","Bogotá","","Cl. 24c #68b-21","Bien (el nombre lo confirma a 11 m)","","11 m","https://www.google.com/maps?q=4.6538955,-74.1083965","https://www.google.com/maps?q=4.6539657,-74.1083258","WWF5IQF1QQQid509j5p88X0tZNs1"
"OK","CONJUNTO RESIDENCIAL DALI - P.H.","Bogotá","","Calle 160 # 58-75","Bien (el nombre lo confirma a 86 m)","","86 m","https://www.google.com/maps?q=4.7420393,-74.06140649999999","https://www.google.com/maps?q=4.7427774,-74.0611694","Ai4AJtGRpCbcHGL8RtKn9Py5wcg1"
"OK","CONJUNTO RESIDENCIAL EL LAGO - P.H.","Bogotá","","Carrera 77 No. 20-53","Bien (el nombre lo confirma a 2 m)","","2 m","https://www.google.com/maps?q=4.6581546,-74.1258106","https://www.google.com/maps?q=4.6581356,-74.1258082","YgLkC7cwpzezP2DQ5eckCSsJEVW2"
"OK","CONJUNTO RESIDENCIAL EL PINAR DE LOS ALAMOS - P.H.","Bogotá","","CALLE 65BIS 86-50","Bien (el nombre lo confirma a 36 m)","","36 m","https://www.google.com/maps?q=4.6886575,-74.1112639","https://www.google.com/maps?q=4.6883916999999995,-74.11144209999999","3VU6xym4TLRtYiVtI4V2fjg4qZk1"
"OK","CONJUNTO RESIDENCIAL EL REDIL SM 5 - P.H.","Bogotá","","calle 174 #7A-80","Bien","","","https://www.google.com/maps?q=4.753279,-74.027118","","FxlqwDmEDTMaqXzOUhqSx7jhtL52"
"OK","CONJUNTO RESIDENCIAL EL SALITRAL - P.H.","Bogotá","","Carrera 69D No. 24C-50","Bien (el nombre lo confirma a 13 m)","","13 m","https://www.google.com/maps?q=4.6589925,-74.110584","https://www.google.com/maps?q=4.658952,-74.1106914","K0xZ2eNhvoM0w4sx36KbF3HZUGv2"
"OK","CONJUNTO RESIDENCIAL LA RIBERA ALSACIA RESERVADO - P.H.","Bogotá","","la Carrera 69 # 12 b - 21","Bien (el nombre lo confirma a 17 m)","","17 m","https://www.google.com/maps?q=4.6399542,-74.1252025","https://www.google.com/maps?q=4.6399493,-74.125053","uH3MSMgeLTPFt3a09knVRHvVEZF3"
"OK","CONJUNTO RESIDENCIAL LANTANA REAL - P.H.","Bogotá","","CARRERA 82 # 17-95","Bien (el nombre lo confirma a 25 m)","","25 m","https://www.google.com/maps?q=4.6604386,-74.1320866","https://www.google.com/maps?q=4.6605888,-74.132256","7SIRo7VLpwMEKvUsApwHeaB1Whs1"
"OK","CONJUNTO RESIDENCIAL LOS ARRAYANES DE SAUZALITO - P.H.","Bogotá","","CARRERA 69D 24-15","Bien (el nombre lo confirma a 64 m)","","64 m","https://www.google.com/maps?q=4.6584761,-74.1134442","https://www.google.com/maps?q=4.6581795999999995,-74.1129514","UxBa8SAVgjYxl3pKBfxoVNx7B3h2"
"OK","CONJUNTO RESIDENCIAL LOS ARRAYANES DE SUBA ETAPA I Y II -P.H.","Bogotá","","CARRERA 115 153-80","Bien","","","https://www.google.com/maps?q=4.7590463,-74.09856909999999","","rZXaWDtMGSZ1coCIBcAI86MMHms1"
"OK","CONJUNTO RESIDENCIAL MILAN - P.H.","Bogotá","","CALLE 84 SUR # 14C - 51","Bien","","","https://www.google.com/maps?q=4.507044,-74.1129838","","Ri4AlUJGzlMCAVzxwKDYDA7J7Mj1"
"OK","CONJUNTO RESIDENCIAL MIRADOR 186 CLUB HOUSE - P.H.","Bogotá","","Calle 186 # 7a - 55","Bien","","","https://www.google.com/maps?q=4.7626571,-74.0287785","","1DJKvtpX0Ieqlmtr0zfaSE5oUBp1"
"OK","CONJUNTO RESIDENCIAL MIRADOR DE FONTIBON - P.H.","Bogotá","","Calle 17 C # 135 - 51","Bien (el nombre lo confirma a 75 m)","","75 m","https://www.google.com/maps?q=4.6954234,-74.1677332","https://www.google.com/maps?q=4.6960266,-74.1674218","sYMnTCxeOebZWwxFHKTbSiKct6h1"
"OK","CONJUNTO RESIDENCIAL MONTANA - P.H.","Bogotá","","Calle 59 No. 58-17","Bien (el nombre lo confirma a 75 m)","","75 m","https://www.google.com/maps?q=4.6534473,-74.0889411","https://www.google.com/maps?q=4.6537811,-74.0883582","e9yrEKsYWNdK3EZ9KGiH729BRTv1"
"OK","CONJUNTO RESIDENCIAL PAMPLONA - P.H.","Madrid","","Cl. 15 A #4-79, Madrid, Cundinamarca","Bien (el nombre lo confirma a 27 m)","","27 m","https://www.google.com/maps?q=4.7262537,-74.2509142","https://www.google.com/maps?q=4.7264317,-74.2510805","0FIlP1aNy0ecEL8ncghOHBbalfa2"
"OK","CONJUNTO RESIDENCIAL PARQUE CENTRAL BONAVISTA ETAPA I - P.H.","Bogotá","","CALLE 63 SUR 70D-75","Bien (el nombre lo confirma a 121 m)","","121 m","https://www.google.com/maps?q=4.5878013,-74.16325580000002","https://www.google.com/maps?q=4.5888292999999996,-74.1629088","dzHJTxhPdRRvBxwShtOvaRBJVdP2"
"OK","CONJUNTO RESIDENCIAL PARQUES DE CASTILLA 2 - P.H.","Bogotá","","Transversal 73 # 11B - 77","Bien","","","https://www.google.com/maps?q=4.6451596,-74.1354199","","XUUdnZ7vRHXe3yQeixLBSERdGKn1"
"OK","CONJUNTO RESIDENCIAL PARQUES DE CASTILLA 4 - P.H.","Bogotá","","CARRERA 79 10D-95","Bien (el nombre lo confirma a 0 m)","","0 m","https://www.google.com/maps?q=4.6455971,-74.13936110000002","https://www.google.com/maps?q=4.6455971,-74.13936110000002","us8rHtXkVpSzH8a3hwOQsqGuXLI2"
"OK","CONJUNTO RESIDENCIAL PARQUES DE SALAMANCA PRIMERA ETAPA - P.H.","Bogotá","","Calle 23 f # 96 g – 82.","Bien (el nombre lo confirma a 22 m)","","22 m","https://www.google.com/maps?q=4.676722,-74.1342604","https://www.google.com/maps?q=4.6768877,-74.1343723","AV8SWNMqovRUoHNhXrkvlGOMROg1"
"OK","CONJUNTO RESIDENCIAL PORTAL DE ALCAPARROS - P.H.","Soacha","","Trasversal 19 # 39 C - 105 Soacha","Bien (el nombre lo confirma a 29 m)","","29 m","https://www.google.com/maps?q=4.5953719,-74.205377","https://www.google.com/maps?q=4.5954254,-74.2051165","ynBMbyZeFnW0hELWUc1Q6aAg7Pj2"
"OK","CONJUNTO RESIDENCIAL PORTAL DE LAS AMERICAS MANZANA H - P.H.","Bogotá","","LA CARRERA 73 #6C-71","Bien","","","https://www.google.com/maps?q=4.6343225,-74.1403145","","hp3mz5pLOOcnuPMyFuFAJOGDbAz2"
"OK","CONJUNTO RESIDENCIAL PORVENIR RESERVADO CASAS 1 - P.H.","Bogotá","","CALLE 50 SUR # 98 B 67","Bien (el nombre lo confirma a 6 m)","","6 m","https://www.google.com/maps?q=4.6429355,-74.18622049999999","https://www.google.com/maps?q=4.6428828,-74.1862235","d3ODqY2Rmyg85V3rKe9jFlrPJUk2"
"OK","CONJUNTO RESIDENCIAL PORVENIR RESERVADO CASAS II - P.H.","Bogotá","","CALLE 50 SUR NO 97 C – 23","Bien (el nombre lo confirma a 3 m)","","3 m","https://www.google.com/maps?q=4.641502399999999,-74.18539489999999","https://www.google.com/maps?q=4.6414871,-74.18537479999999","9SINwY2U3dbI8o9BCjTwM6rVREk2"
"OK","CONJUNTO RESIDENCIAL PRADOS DE CASTILLA ETAPA V SECTOR A - P.H.","Bogotá","","la Carrera 90C No. 6A - 31","Bien","","","https://www.google.com/maps?q=4.6503011,-74.1603337","","xdWSjwwezCPU7qfW2WeZcrgrOql2"
"OK","CONJUNTO RESIDENCIAL PUEBLO NUEVO CASAS 2 - P.H.","Bogotá","","Carrera 99 bis # 14 -05","Bien","","","https://www.google.com/maps?q=4.6657982,-74.1556525","","q3f7vombLWgOezkDhovNTXnYi3n2"
"OK","CONJUNTO RESIDENCIAL QUINTAS DEL RECREO II ETAPA - P.H.","Bogotá","","CARRERA 93D # 72 –47","Bien","","","https://www.google.com/maps?q=4.6289333,-74.20232899999999","","ChtAJeV2xtfZS3vi8RxAWCTEq6U2"
"OK","CONJUNTO RESIDENCIAL QUINTAS DEL REDIL - P.H.","Bogotá","","la Carrera 8 # 173-50","Bien (el nombre lo confirma a 36 m)","","36 m","https://www.google.com/maps?q=4.7527875,-74.0272581","https://www.google.com/maps?q=4.752755500000001,-74.0275846","bUZYlj1CtEUxWrpKvEAB7ksa3x22"
"OK","CONJUNTO RESIDENCIAL RESERVA DE SAN AGUSTIN II - P.H.","Bogotá","","CALLE 10B 88A-17","Bien (el nombre lo confirma a 1 m)","","1 m","https://www.google.com/maps?q=4.653084199999999,-74.14919499999999","https://www.google.com/maps?q=4.6530892,-74.1491934","E8JEeIJtPUf1iEua8zx77WG48mf1"
"OK","CONJUNTO RESIDENCIAL RESERVAS DEL MEDITERRANEO - P.H.","Bogotá","","la Carrera 12 # 160-50","Bien","","","https://www.google.com/maps?q=4.7375331,-74.03248219999999","","7TNFZS8dgzev3pTMVwpRkfQOfxB3"
"OK","CONJUNTO RESIDENCIAL RINCON DE IPANEMA - P.H.","Bogotá","","calle 2ª 93-35","Bien (el nombre lo confirma a 253 m)","","253 m","https://www.google.com/maps?q=4.6480066,-74.16587109999999","https://www.google.com/maps?q=4.649738999999999,-74.1673476","mwXFm5W3gPUcQwf6kQYArWuXc8x2"
"OK","CONJUNTO RESIDENCIAL SAINT MALO - P.H.","Bogotá","","CRA. 6  17 A 07 SUR","Bien (el nombre lo confirma a 9 m)","","9 m","https://www.google.com/maps?q=4.575254999999999,-74.0898102","https://www.google.com/maps?q=4.5752892,-74.0897391","dnn7g8PxszOM9MG736R8st3VWCu1"
"OK","CONJUNTO RESIDENCIAL TUNAL CENTRAL SL 5 - P.H.","Bogotá","","Diagonal 62 Sur No. 20A 30","Bien","","","https://www.google.com/maps?q=4.5642813,-74.14236629999999","","pby8FqgbkiUeKOppJt6LDbLPAwA3"
"OK","CONJUNTO RESIDENCIAL USATAMA MANZANA B - P.H.","Bogotá","","calle 23 bis #28-85","Bien","","","https://www.google.com/maps?q=4.6227572,-74.08361479999999","","VfDCAgwT5jdJrxqoskPTGK6mQb72"
"OK","CONJUNTO RESIDENCIAL VEGAS DE MARYLAND - P.H.","Bogotá","","calle 76 sur No. 80 M-25 1ar ETAPA","Bien (el nombre lo confirma a 89 m)","","89 m","https://www.google.com/maps?q=4.6107115,-74.2036638","https://www.google.com/maps?q=4.6114578,-74.20336739999999","BCRN3GEpSjZJCScdhSIXDELK7Iq2"
"OK","CONJUNTO RESIDENCIAL VIVA 26 - P.H.","Bogotá","","CARRERA 82 #25G-60","Bien (el nombre lo confirma a 0 m)","","0 m","https://www.google.com/maps?q=4.6729961,-74.1184043","https://www.google.com/maps?q=4.6729961,-74.1184043","7VoUkUYptrT6P2bBt8q41sT3lVz1"
"OK","CONJUNTO RESIDENCIAL ZAPAN DE CASTILLA - P.H.","Bogotá","","CALLE 6C #82-25","Bien (el nombre lo confirma a 80 m)","","80 m","https://www.google.com/maps?q=4.640697299999999,-74.1533695","https://www.google.com/maps?q=4.6412194,-74.1528782","pkT6s9oFJJUQZsBibFCkmzJAXml1"
"OK","CONJUNTO SOLSTICIO PARQUE RESIDENCIAL ETAPA 4 - P.H.","Bogotá","","En la Calle 14 b # 119 A - 76","Bien","","","https://www.google.com/maps?q=4.681424199999999,-74.1660165","","pZrCHLUIhSaTIJPiigDP6VFIbfq1"
"OK","EDIFICIO FIORI - P.H.","Bogotá","","En la Carrera 57 No.159 - 11","Bien (el nombre lo confirma a 41 m)","","41 m","https://www.google.com/maps?q=4.7424079,-74.06053279999999","https://www.google.com/maps?q=4.7426563,-74.06026159999999","znEb90pHwFbZN9w8ghCYEmecXg52"
"OK","EDIFICIO PRADELLO - P.H.","Bogotá","","Cl. 48 #28-67 71","Bien (el nombre lo confirma a 2 m)","","2 m","https://www.google.com/maps?q=4.6381086,-74.07830969999999","https://www.google.com/maps?q=4.6381004,-74.0783304","rF5IKxSQkKPmHXtD1Kpl0ZhrC132"
"OK","EDIFICIO RESIDENCIAS LA CASTELLANA - P.H.","Bogotá","","CL 96 #47-21","Bien","","","https://www.google.com/maps?q=4.684646499999999,-74.0598387","","90aUARGlIZOrm0aiVeGMJovUVGd2"
"OK","EDIFICIO SOTILEZA RESERVADO - P.H.","Bogotá","","la KR 77#128A-75","Bien","","","https://www.google.com/maps?q=4.719485,-74.0772326","","KjMmj9oeGra2Mb1VmaTHoFvRiQz1"
"OK","TORRES DE VICINO - P.H.","Bogotá","","calle 12 # 25a - 12","Bien (el nombre lo confirma a 13 m)","","13 m","https://www.google.com/maps?q=4.609372899999999,-74.08996619999999","https://www.google.com/maps?q=4.6094873,-74.08994779999999","FoEFQpjgfYZOl4zPs5HCdCuwqWh1"
"OK","UNIDAD INMOBILIARIA RESIDENCIAL MULTIFAMILIARES GRATAMIRA I ETAPA - P.H.","Bogotá","","la calle 136 #74 - 65 barrio gratamira","Bien","","","https://www.google.com/maps?q=4.728016999999999,-74.074243","","OkYk8qBfCiVkFk7t65gjjW9aca52"
"OK","URBANIZACION MARBELLA RESERVADO - P.H.","Bogotá","","LA CALLE 7a SUR #2-56","Bien (el nombre lo confirma a 28 m)","","28 m","https://www.google.com/maps?q=4.5791601,-74.0813526","https://www.google.com/maps?q=4.5793456,-74.0815297","7W76cspaNrYQgmH7xJJAR4LyOh72"