"estado","activo","nombre","direccion","consulta","resultado Google","municipio","localidad","precision","fuente","motivo","lat","lng","id"
"ok","true","CONJUNTO RESIDENCIAL PAMPLONA - P.H.","Cl. 15 A #4-79, Madrid, Cundinamarca","Cl. 15 A #4-79, Madrid, Cundinamarca, Colombia","Pamplona - Reserva de Madrid, Cl. 15 A #4-79, Madrid, Cundinamarca, Colombia","Madrid","","exacta","direccion","","4.7262537","-74.2509142","0FIlP1aNy0ecEL8ncghOHBbalfa2"
"revisar","false","EDIFICIO TORRES DE KANNA III - P.H.","","EDIFICIO TORRES DE KANNA III, Bogotá, Bogotá D.C., Colombia","Cra. 15a #118-61, Bogotá","Bogotá","","aproximada","nombre","Sin direccion; se ubico buscando el nombre (Google: ""Torres de Kanna III"")","4.6981342","-74.0441036","0stPaTLmbTca2dCcpdc98YaogoB3"
"ok","true","CONJUNTO RESIDENCIAL MIRADOR 186 CLUB HOUSE - P.H.","Calle 186 # 7a - 55","Calle 186 # 7a - 55, Bogotá, Bogotá D.C., Colombia","Cl. 186 #7A-55, Usaquén, Bogotá, Colombia","Bogotá","Usaquén","exacta","direccion","","4.7626571","-74.0287785","1DJKvtpX0Ieqlmtr0zfaSE5oUBp1"
"revisar","false","CONJUNTO RESIDENCIAL NUEVO 2","","CONJUNTO RESIDENCIAL NUEVO 2, Bogotá, Bogotá D.C., Colombia","Cra. 99 Bis #14-61, Fontibón, Bogotá, Cundinamarca","Bogotá","","aproximada","nombre","Sin direccion; se ubico buscando el nombre (Google: ""Conjunto Residencial Pueblo Nuevo II"")","4.666087399999999","-74.1554601","2tOE3D434PcnxNcEgtZ8KlxSYPb2"
"ok","true","AGRUPACION DE VIVIENDA SAN LORENZO DE CASTILLA - P.H.","CARRERA 88D 6D-28","CARRERA 88D 6D-28, Bogotá, Bogotá D.C., Colombia","Cra 88D #6D-28, Kennedy, Bogotá, Colombia","Bogotá","Kennedy","aproximada","direccion","","4.6477948","-74.15500759999999","3GiOrsTClEXM0vLrpCV9jwGUBLE2"
"ok","true","CONJUNTO RESIDENCIAL EL PINAR DE LOS ALAMOS - P.H.","CALLE 65BIS 86-50","CALLE 65BIS 86-50, Bogotá, Bogotá D.C., Colombia","Cl. 65 Bis #86-50, Engativá, Bogotá, Cundinamarca, Colombia","Bogotá","Engativá","exacta","direccion","","4.6886575","-74.1112639","3VU6xym4TLRtYiVtI4V2fjg4qZk1"
"sin_resultado","false","EDIFICIO TORRES ALTO HORIZONTE – P.H.","","EDIFICIO TORRES ALTO HORIZONTE, Bogotá, Bogotá D.C., Colombia","","Bogotá","","","","Google solo encontro ""Edificio Alto Horizonte"", que parece otro conjunto","","","3eLTpfZl2OUQq3ReogOjMka9Jy33"
"ok","true","CONJUNTO RESIDENCIAL ALMERIA - P.H.","CL 157 #13 B 20","CL 157 #13 B 20, Bogotá, Bogotá D.C., Colombia","Cl. 157 #13B-20, Bogotá, D.C, Bogotá, Colombia","Bogotá","Usaquén","aproximada","direccion","","4.7356871","-74.0350912","3qv8DcdAJHMaxlQpJEliiAiTYRM2"
"revisar","true","AGRUPACION VIGIA DEL PARQUE ETAPA 1 - P.H.","Carrera 72H Bis # 42F-12 Sur","Carrera 72H Bis # 42F-12 Sur, Bogotá, Bogotá D.C., Colombia","Cra. 72h Bis # 42F-12, Kennedy, Bogotá, D.C., Bogotá, Bogotá, D.C., Colombia","Bogotá","Kennedy","exacta","direccion","Google no confirmo el Sur/Este de la direccion","4.603842","-74.147662","3t0tC76NfEOMa0IZ8RjdK91C20A2"
"sin_resultado","true","CONJUNTO RESIDENCIAL EL BOSQUE LA FELICIDAD - P.H.","","CONJUNTO RESIDENCIAL EL BOSQUE LA FELICIDAD, Bogotá, Bogotá D.C., Colombia","","Bogotá","","","","Google solo encontro ""El Bosque Conjunto Residencial"", que parece otro conjunto","","","44DojD9047Q9wdGv9AVtj2RKqql1"
"ok","true","CONJUNTO RESIDENCIAL CONDOMINIO PLAZA DEL SOL - P.H.","CALLE 22B 58-60","CALLE 22B 58-60, Bogotá, Bogotá D.C., Colombia","Condominio Plaza del Sol, Cl. 22b #58-60, Teusaquillo, Bogotá, Colombia","Bogotá","Teusaquillo","aproximada","direccion","","4.6426131","-74.1024316","4PVslWLNTdZ3kl1Om9CzY66GqQp1"
"revisar","false","CONJUNTO RESIDENCIAL JARDINES DE GALICIA - P.H.","","CONJUNTO RESIDENCIAL JARDINES DE GALICIA, Bogotá, Bogotá D.C., Colombia","Cl. 60a Sur #73-71, Bogotá","Bogotá","","aproximada","nombre","Sin direccion; se ubico buscando el nombre (Google: ""Conjunto Residencial Jardines de Galicia"")","4.5914784","-74.1701642","4eL5EoznAEO2nSqy4eXu70BMlc13"
"revisar","false","EDIFICIO OMHA - P.H.","","EDIFICIO OMHA, Bogotá, Bogotá D.C., Colombia","Cl. 149 #50-40, Bogotá","Bogotá","","aproximada","nombre","Sin direccion; se ubico buscando el nombre (Google: ""Edificio Omha"")","4.7319011","-74.0535462","5LfU6uoxSHTKst6eGz3WL8Ge36O2"
"ok","true","CONJUNTO RESIDENCIAL ALSACIA RESERVADO 2 - P.H.","la carrera 71D No. 12c-60","carrera 71D # 12c-60, Bogotá, Bogotá D.C., Colombia","Cra. 71D #12c-60, Bogotá, Colombia","Bogotá","Kennedy","exacta","direccion","","4.6453996","-74.1275139","5t9xRf0nOBX1lfVo0kMXRSqIYJk1"
"ok","true","AGRUPACION FLORESTA SAN RAFAEL - P.H.","Calle 28 A # 22 A – 92 Zipaquirá","Calle 28 A # 22 A - 92, Zipaquirá, Cundinamarca, Colombia","Calle 28 A #22a-92, Zipaquirá, Cundinamarca, Colombia","Zipaquirá","","exacta","direccion","","5.0344294","-73.9883895","6Q952qxaOoUJiVeLGC0EOj1DNeA2"
"ok","false","CONJUNTO RESIDENCIAL ALSACIA RESERVADO 3 - P.H.","CALLE 12B 71D - 40","CALLE 12B 71D - 40, Bogotá, Bogotá D.C., Colombia","Cl. 12b #71D-40, Bogotá, Colombia","Bogotá","Kennedy","exacta","direccion","","4.6447061","-74.1287699","70MEh5Dc4VW7vTuioaQ1Rvy3jBx1"
"ok","true","CONJUNTO RESIDENCIAL VIZCAYA CASTILLA RESERVADO - P.H.","Calle 8A # 90A-67","Calle 8A # 90A-67, Bogotá, Bogotá D.C., Colombia","Cl. 8a #90a-67, Bogotá, Colombia","Bogotá","Kennedy","exacta","direccion","","4.6538254","-74.1555248","71GUzf2KFldR6PTp7NqBKaJYTtm1"
"ok","true","CONJUNTO RESIDENCIAL CASTILLA DE ORO - P.H.","CALLE 127C 5-28","CALLE 127C 5-28, Bogotá, Bogotá D.C., Colombia","Cl. 127c #5 - 28, Bogotá, Colombia","Bogotá","Usaquén","exacta","direccion","","4.7053854","-74.026185","7LBYO3kdGSTQcyXBWSqSofkJohm1"
"ok","true","CONJUNTO RESIDENCIAL LANTANA REAL - P.H.","CARRERA 82 # 17-95","CARRERA 82 # 17-95, Bogotá, Bogotá D.C., Colombia","Cra. 82 #17-95, Bogotá, Colombia","Bogotá","Fontibón","exacta","direccion","","4.6604386","-74.1320866","7SIRo7VLpwMEKvUsApwHeaB1Whs1"
"ok","true","CONJUNTO RESIDENCIAL RESERVAS DEL MEDITERRANEO - P.H.","la Carrera 12 # 160-50","Carrera 12 # 160-50, Bogotá, Bogotá D.C., Colombia","Cra. 12 #160 - 50, Bogotá, Colombia","Bogotá","Usaquén","exacta","direccion","","4.7375331","-74.03248219999999","7TNFZS8dgzev3pTMVwpRkfQOfxB3"
"ok","true","CONJUNTO RESIDENCIAL VIVA 26 - P.H.","CARRERA 82 #25G-60","CARRERA 82 #25G-60, Bogotá, Bogotá D.C., Colombia","Cra. 82 #25G-60, Bogotá, Colombia","Bogotá","Fontibón","exacta","direccion","","4.6729961","-74.1184043","7VoUkUYptrT6P2bBt8q41sT3lVz1"
"ok","true","URBANIZACION MARBELLA RESERVADO - P.H.","LA CALLE 7a SUR #2-56","CALLE 7a SUR #2-56, Bogotá, Bogotá D.C., Colombia","Cl. 7a Sur # 2-56, San Cristóbal, Bogotá, Cundinamarca, Colombia","Bogotá","San Cristóbal","exacta","direccion","","4.5791601","-74.0813526","7W76cspaNrYQgmH7xJJAR4LyOh72"
"sin_resultado","false","CAMINOS 1 Y 2","CALLE 1 # 19 B-94","CALLE 1 # 19 B-94, Bogotá, Bogotá D.C., Colombia","","Bogotá","","","","Google la cambio por ""Cl. 1 #19 B 44""","","","7tA7dHg7XGb2kpwxnKoOmRUPluD3"
"revisar","false","CONJUNTO RESIDENCIAL ENTRE RIOS UNIDAD SIETE - P.H.","","CONJUNTO RESIDENCIAL ENTRE RIOS UNIDAD SIETE, Bogotá, Bogotá D.C., Colombia","Av Cl 80 #58-64, Bogotá","Bogotá","","aproximada","nombre","Sin direccion; se ubico buscando el nombre (Google: ""Conjunto Residencial Entre Ríos Unidad 7"")","4.6795738","-74.0753124","8MtGh4fndaOyhtKOttz4GkpXwol1"
"revisar","true","CONJUNTO RESIDENCIAL CASAS DE SANTAFE - P.H.","CRA 36 A # 54 A 27 SUR","CONJUNTO RESIDENCIAL CASAS DE SANTAFE, Bogotá, Bogotá D.C., Colombia","Bogotá","Bogotá","","aproximada","nombre","La direccion no sirvio; se ubico buscando el nombre (Google: ""Conjunto Residencial Casas De Santafé"")","4.5851183","-74.1423708","8j1IfTILzwSbo44o1LcQMQgVLha2"
"ok","true","ALANDRA CONJUNTO RESIDENCIAL - P.H.","CALLE 12C 71C-61","CALLE 12C 71C-61, Bogotá, Bogotá D.C., Colombia","Cl. 12c #71C 61, Kennedy, Bogotá, Cundinamarca, Colombia","Bogotá","Kennedy","exacta","direccion","","4.6441899","-74.1270112","8vTwYoR491NXDekdft8lIvjO6Je2"
"ok","true","EDIFICIO RESIDENCIAS LA CASTELLANA - P.H.","CL 96 #47-21","CL 96 #47-21, Bogotá, Bogotá D.C., Colombia","Cl. 96 #47-21, Bogotá, Colombia","Bogotá","Barrios Unidos","exacta","direccion","","4.684646499999999","-74.0598387","90aUARGlIZOrm0aiVeGMJovUVGd2"
"ok","true","CONJUNTO RESIDENCIAL PALO ROSA - P.H.","Calle 37 # 38-161","Calle 37 # 38-161, Soacha, Cundinamarca, Colombia","Calle 37 #38-161, Soacha, Cundinamarca, Colombia","Soacha","","exacta","direccion","","4.5530808","-74.254217","9Cdb2JGBTQRFPPxBjhdqLH0ljaz1"
"ok","true","AGRUPACION DE VIVIENDA PARQUE RESIDENCIAL NUEVO SUBA ETAPA I - P.H.","Carrera 101A #152A-95","Carrera 101A #152A-95, Bogotá, Bogotá D.C., Colombia","Cra. 101a #152a-95, Suba, Bogotá, Cundinamarca, Colombia","Bogotá","Suba","exacta","direccion","","4.752649799999999","-74.0897464","9Nj3ggf7cUNkE42Yvd1zTio03lD2"
"ok","true","CONJUNTO RESIDENCIAL ARBOLEDA DEL JORDAN - P.H.","CALLE 20C #106 - 27","CALLE 20C #106 - 27, Bogotá, Bogotá D.C., Colombia","Cl. 20c #106-27, Bogotá, Colombia","Bogotá","Fontibón","exacta","direccion","","4.6796614","-74.1467883","9RawWdpP7QYH2hczbDgHZA9sTeE3"
"ok","true","CONJUNTO RESIDENCIAL PORVENIR RESERVADO CASAS II - P.H.","CALLE 50 SUR NO 97 C – 23","CALLE 50 SUR # 97 C - 23, Bogotá, Bogotá D.C., Colombia","Cl. 50 Sur #97c-23, Bogotá, Colombia","Bogotá","Bosa","exacta","direccion","","4.641502399999999","-74.18539489999999","9SINwY2U3dbI8o9BCjTwM6rVREk2"
"sin_resultado","true","nuevo2 pereira","","nuevo2 pereira, Pereira, Colombia","","Pereira","","","","Sin direccion","","","9fXLR4JMnMUHIuy6UffNrNiEtCN2"
"revisar","false","nuevo3","","nuevo3, Bogotá, Bogotá D.C., Colombia","Kennedy, Bogotá, Colombia","Bogotá","","aproximada","nombre","Sin direccion; se ubico buscando el nombre (Google: ""NUEVO3"")","4.628375","-74.1377512","AGjrWzJtKgbgZOTG2NFxjuFL63K2"
"ok","true","CONJUNTO RESIDENCIAL PARQUES DE SALAMANCA PRIMERA ETAPA - P.H.","Calle 23 f # 96 g – 82.","Calle 23 f # 96 g - 82, Bogotá, Bogotá D.C., Colombia","Cl. 23f # 96G-82, Fontibón, Bogotá, D.C., Bogotá, Bogotá, D.C., Colombia","Bogotá","Fontibón","exacta","direccion","","4.676722","-74.1342604","AV8SWNMqovRUoHNhXrkvlGOMROg1"
"sin_resultado","false","nuevo333","","nuevo333, Armenia, Colombia","","Armenia","","","","Google solo encontro ""Ciudadela Nuevo Armenia 3"", que parece otro conjunto","","","AVum6zRdeOateOMnwK4x2Pefo1F2"
"ok","true","CONJUNTO RESIDENCIAL DALI - P.H.","Calle 160 # 58-75","Calle 160 # 58-75, Bogotá, Bogotá D.C., Colombia","Cl. 160 #58-75, Bogotá, Colombia","Bogotá","Suba","aproximada","direccion","","4.7420393","-74.06140649999999","Ai4AJtGRpCbcHGL8RtKn9Py5wcg1"
"ok","true","AGRUPACION DE VIVIENDA CIUDAD PRIVADA ATHENAS - P.H.","CALLE 143#58C-41","CALLE 143#58C-41, Bogotá, Bogotá D.C., Colombia","Cl. 143 #58c-41, Bogotá, Colombia","Bogotá","Suba","exacta","direccion","","4.7299611","-74.06609569999999","AnFiJSythmheDSBrfPiOiJR1MFy2"
"ok","true","CONJUNTO RESIDENCIAL VEGAS DE MARYLAND - P.H.","calle 76 sur No. 80 M-25 1ar ETAPA","calle 76 sur # 80 M-25, Bogotá, Bogotá D.C., Colombia","C. 76 Sur #80m-25, Bogotá, Colombia","Bogotá","Bosa","exacta","direccion","","4.6107115","-74.2036638","BCRN3GEpSjZJCScdhSIXDELK7Iq2"
"sin_resultado","true","AGRUPACION DE VIVIENDA FAMILIAR 6 MADELENA SECTOR IV - P.H.","","AGRUPACION DE VIVIENDA FAMILIAR 6 MADELENA SECTOR IV, Bogotá, Bogotá D.C., Colombia","","Bogotá","","","","Google solo encontro ""Club Residencial Reserva De Madelena"", que parece otro conjunto","","","BQy7JFiJOMbbrtCHKnPBIhyFa7r2"
"revisar","false","AGRUPACION RESIDENCIAL SAN NICOLAS DE CASTILLA - P.H.","","AGRUPACION RESIDENCIAL SAN NICOLAS DE CASTILLA, Bogotá, Bogotá D.C., Colombia","Cra 88D #6D-12, Bogotá","Bogotá","","aproximada","nombre","Sin direccion; se ubico buscando el nombre (Google: ""Agrupación Residencial San Nicolas de Castilla"")","4.6484242","-74.1548981","BU4jGJKdZgQIO0fLiYuUjryT7Iz2"
"ok","true","CONJUNTO RESIDENCIAL ANTURIO I - P.H.","Carrera 38 No. 17 45 Ciudad Verde","Carrera 38 # 17 45, Soacha, Cundinamarca, Colombia","Cra. 38 #17-45, Soacha, Cundinamarca, Colombia","Soacha","","exacta","direccion","","4.6108211","-74.22259009999999","BUG0IhfiQBfUlW8N0YupqNMsV2E3"
"revisar","true","CONJUNTO RESIDENCIAL ALAMEDA DE SAN JOSE V - P.H.","CARRERA 88C 45A-66 SUR","CARRERA 88C 45A-66 SUR, Bogotá, Bogotá D.C., Colombia","Cra. 88c #45A-66, Bogotá, Colombia","Bogotá","Kennedy","exacta","direccion","Google no confirmo el Sur/Este de la direccion","4.631805100000001","-74.1767036","Bgb0xYPeM8dZ6cs0OhrEhsp7xx83"
"ok","false","CONJUNTO RESIDENCIAL JARDINES DE CASTILLA ETAPA 4 - P.H.","CRA 81 B # 6 B 85","CRA 81 B # 6 B 85, Bogotá, Bogotá D.C., Colombia","Cra. 81b # 6B-85, Kennedy, Bogotá, D.C., Bogotá, Bogotá, D.C., Colombia","Bogotá","Kennedy","exacta","direccion","","4.6396271","-74.1521387","Bxws8eTYsXcp8LEn3SQ0UVhLnru2"
"ok","true","CONJUNTO RESIDENCIAL QUINTAS DEL RECREO II ETAPA - P.H.","CARRERA 93D # 72 –47","CARRERA 93D # 72 -47, Bogotá, Bogotá D.C., Colombia","Cra. 93d #72-47, Bogotá, D.C, Bogotá, Colombia","Bogotá","Bosa","exacta","direccion","","4.6289333","-74.20232899999999","ChtAJeV2xtfZS3vi8RxAWCTEq6U2"
"ok","true","AGRUPACION DE VIVIENDA NUEVA CASTILLA ETAPA IV - P.H.","Carrera 88D # 8A-81","Carrera 88D # 8A-81, Bogotá, Bogotá D.C., Colombia","Cra 88D #8A-81, Bogotá, D.C, Bogotá, Colombia","Bogotá","Kennedy","exacta","direccion","","4.6511286","-74.1519886","Coh6vrKbW9XUTPdlKNu1YBO90DG2"
"revisar","false","AGRUPACION DE VIVIENDA LAS GAVIOTAS SEGUNDA ETAPA - P.H.","","AGRUPACION DE VIVIENDA LAS GAVIOTAS SEGUNDA ETAPA, Bogotá, Bogotá D.C., Colombia","Cl. 128b #122 40, Bogotá","Bogotá","","aproximada","nombre","Sin direccion; se ubico buscando el nombre (Google: ""Agrupación de Vivienda las gaviotas de la segunda etapa portería vehicular"")","4.7325976","-74.1080846","DCsYBM9k4YQ9MVLpeQP3HBEfhGs1"
"ok","true","CONJUNTO RESIDENCIAL BOSQUE VERDE - P.H.","Calle 131 #78ª-61","Calle 131 #78-61, Bogotá, Bogotá D.C., Colombia","Cl. 131 #78 61, Bogotá, Colombia","Bogotá","Suba","exacta","direccion","","4.724826","-74.07840929999999","DFnxHhFfFga0ArgPqsEwjpuDZq42"
"ok","true","CONJUNTO RESIDENCIAL RESERVA DE SAN AGUSTIN II - P.H.","CALLE 10B 88A-17","CALLE 10B 88A-17, Bogotá, Bogotá D.C., Colombia","Cl. 10B # 88A-17, Kennedy, Bogotá, D.C., Bogotá, Bogotá, D.C., Colombia","Bogotá","Kennedy","exacta","direccion","","4.653084199999999","-74.14919499999999","E8JEeIJtPUf1iEua8zx77WG48mf1"
"sin_resultado","true","CONJUNTO RESIDENCIAL ENTRENUBES PRIMERA ETAPA - P.H.","En la Calle 48 sur # 4 – 90 este","Calle 48 sur # 4 - 90 este, Bogotá, Bogotá D.C., Colombia","","Bogotá","","","","Google la cambio por ""Cl. 48 Sur # 77M-4""","","","Ec4MKZhUP4fWl5IpYXUH28obSKJ2"
"ok","false","CONJUNTO RESIDENCIAL PORTAL DEL BOSQUE - P.H.","CALLE 183 # 16 71","CALLE 183 # 16 71, Bogotá, Bogotá D.C., Colombia","Cl. 183 # 16-71, Usaquén, Bogotá, D.C., Bogotá, Bogotá, D.C., Colombia","Bogotá","Usaquén","exacta","direccion","","4.759930199999999","-74.03814419999999","F2w6sOeYecOf5x8rVhct8qPKrKQ2"
"ok","true","TORRES DE VICINO - P.H.","calle 12 # 25a - 12","calle 12 # 25a - 12, Bogotá, Bogotá D.C., Colombia","Cl. 12 #25A-12, Bogotá, Colombia","Bogotá","Los Mártires","exacta","direccion","","4.609372899999999","-74.08996619999999","FoEFQpjgfYZOl4zPs5HCdCuwqWh1"
"ok","true","CONJUNTO RESIDENCIAL EL REDIL SM 5 - P.H.","calle 174 #7A-80","calle 174 #7A-80, Bogotá, Bogotá D.C., Colombia","Cl. 174 #7A-80, Bogotá, Colombia","Bogotá","Usaquén","exacta","direccion","","4.753279","-74.027118","FxlqwDmEDTMaqXzOUhqSx7jhtL52"
"ok","true","CONJUNTO MULTIFAMILIAR PASEO DE LAS AMERICAS - P.H.","Calle 6A # 75-56","Calle 6A # 75-56, Bogotá, Bogotá D.C., Colombia","Cl. 6a #75-56, Kennedy, Bogotá, Cundinamarca, Colombia","Bogotá","Kennedy","exacta","direccion","","4.6318697","-74.1445552","Fzce8DC8qtg0lE0tOH79qpkWshK2"
"revisar","true","CONJUNTO RESIDENCIAL CALLEJON DE SANTA BARBARA REAL - P.H.","CADA CASA TIENE SU DIRECCION","CONJUNTO RESIDENCIAL CALLEJON DE SANTA BARBARA REAL, Bogotá, Bogotá D.C., Colombia","Dg. 48p Sur, Bogotá","Bogotá","","aproximada","nombre","La direccion no sirvio; se ubico buscando el nombre (Google: ""Conjunto residencial callejón de santa bárbara real"")","4.5566463","-74.1147204","G6FumeXk7LSTq8Ts6gLQnwntdmj2"
"ok","true","CONJUNTO RESIDENCIAL CASA GRANDE MANZANA 3 SUPERLOTE 2 - P.H.","Transversal 63 # 68B -24 Sur","Transversal 63 # 68B -24 Sur, Bogotá, Bogotá D.C., Colombia","Tv. 63 #68b Sur-24, Cdad. Bolívar, Bogotá, Cundinamarca, Colombia","Bogotá","Ciudad Bolívar","exacta","direccion","","4.581316300000001","-74.1592363","GuEGXjBZNnWOkhMZKTHNFSM2LlI2"
"revisar","false","SANTA CATALINA","CALLE 31 SUR # 23 A 78","SANTA CATALINA, Bogotá, Bogotá D.C., Colombia","Santa Catalina, Ciudad Kennedy, Bogotá, Bogota","Bogotá","","aproximada","nombre","La direccion no sirvio; se ubico buscando el nombre (Google: ""Santa Catalina"")","4.6501548","-74.14234669999999","H30SCFa1I1X47odAZUvZnFXSfEo2"
"ok","true","CONJUNTO RESIDENCIAL ALBACETE - P.H.","Calle 165 # 52-54","Calle 165 # 52-54, Bogotá, Bogotá D.C., Colombia","Cl. 165 #52-54, Bogotá, Colombia","Bogotá","Suba","aproximada","direccion","","4.7474031","-74.05298479999999","HJqAQyua5EdTwnBr0m3lrGgMTIG3"
"ok","true","AGRUPACION DE VIVIENDA LOS ROBLES - P.H.","Carrera 111A #88B-51","Carrera 111A #88B-51, Bogotá, Bogotá D.C., Colombia","Cra. 111a #88b-51, Bogotá, Colombia","Bogotá","Engativá","aproximada","direccion","","4.7247541","-74.1098647","HLpR8m79wagEgKbtUMemjfYAnVG3"
"sin_resultado","true","AGRUPACIÓN DE LOTES URBANIZACION ICONIK 68 - P.H.","AV CR 68 5 93","AV CR 68 5 93, Bogotá, Bogotá D.C., Colombia","","Bogotá","","","","Google la cambio por ""Av 68 #68B-05""","","","HYzh7lnUoIdkW8grvIQGqSokXiZ2"
"ok","true","AGRUPACIÓN DE VIVIENDA BUENOS AIRES II SECTOR PRIMERA ETAPA - P.H.","Transversal 1b este # 7a - 08 sur","Transversal 1b este # 7a - 08 sur, Bogotá, Bogotá D.C., Colombia","Tv. 1b Este #7A-08 Sur, Bogotá, Colombia","Bogotá","San Cristóbal","exacta","direccion","","4.5765594","-74.0799115","HjDHfEq7HTOECICPahSVXj2igCA2"
"revisar","true","CONJUNTO RESIDENCIAL VIGIA DEL PARQUE 2 - P.H.","Calle 43ª Sur No. 72C-50 Interior 1 Sector Urapanes","CONJUNTO RESIDENCIAL VIGIA DEL PARQUE 2, Bogotá, Bogotá D.C., Colombia","Cl. 43a Sur #72G-20, Bogotá","Bogotá","","aproximada","nombre","La direccion no sirvio; se ubico buscando el nombre (Google: ""Conjunto Residencial Vigia del Parque 2"")","4.602398","-74.14718289999999","HtVAfwNYaZb8tNy1w6sdpaGtDvD2"
"ok","false","CONJUNTO RESIDENCIAL LA CUMBRE - P.H.","CARRERA 79 # 19 A 56","CARRERA 79 # 19 A 56, Bogotá, Bogotá D.C., Colombia","Cra. 79 #19a -56, Bogotá, Colombia","Bogotá","Fontibón","exacta","direccion","","4.658391","-74.127708","HtyThBs3LbSm7uaK0VMHqKGDgU02"
"ok","true","AGRUPACION DE VIVIENDA CONJUNTO RESIDENCIAL SANTA INES - P.H.","Calle 28A Bis Sur # 8-19 Este","Calle 28A Bis Sur # 8-19 Este, Bogotá, Bogotá D.C., Colombia","Cl. 28a Bis Sur #8-19, este, Bogotá, Colombia","Bogotá","San Cristóbal","exacta","direccion","","4.5613583","-74.08558099999999","JkcqqAesq2cFfC4d8eNQY8MN7fb2"
"revisar","true","CONJUNTO RESIDENCIAL PUNTA DEL ESTE ETAPA 1 Y 2 - P.H.","Calle 13 Sur # 14-61 Este","Calle 13 Sur # 14-61 Este, Bogotá, Bogotá D.C., Colombia","Kr 13 #14-61, Bogotá, Colombia","Bogotá","Santa Fé","exacta","direccion","Google no confirmo el Sur/Este de la direccion","4.6043318","-74.0782232","JxsRCyXVaxTLKJpvTTImTMNzB9k1"
"ok","true","CONJUNTO RESIDENCIAL EL SALITRAL - P.H.","Carrera 69D No. 24C-50","Carrera 69D # 24C-50, Bogotá, Bogotá D.C., Colombia","Cra. 69d #24c-50, Bogotá, Colombia","Bogotá","Fontibón","exacta","direccion","","4.6589925","-74.110584","K0xZ2eNhvoM0w4sx36KbF3HZUGv2"
"ok","true","AGRUPACION DE VIVIENDA JARDINES DE TIBABUYES - P.H.","En la Carrera 121 C No.129 D - 24","Carrera 121 C # 129 D - 24, Bogotá, Bogotá D.C., Colombia","Cra. 121c #129D-24, Bogotá, Colombia","Bogotá","Suba","aproximada","direccion","","4.7345166","-74.1067447","K5shQYKiyyd9YfpaumXFBUdEq2o2"
"ok","true","EDIFICIO SOTILEZA RESERVADO - P.H.","la KR 77#128A-75","KR 77#128A-75, Bogotá, Bogotá D.C., Colombia","Cra. 77 # 128A-75, Suba, Bogotá, D.C., Bogotá, Bogotá, D.C., Colombia","Bogotá","Suba","exacta","direccion","","4.719485","-74.0772326","KjMmj9oeGra2Mb1VmaTHoFvRiQz1"
"ok","false","CONJUNTO RESIDENCIAL BILBAO REAL - P.H.","DIAGONAL 82G 73A - 61","DIAGONAL 82G 73A - 61, Bogotá, Bogotá D.C., Colombia","Dg. 82g #73A-61, Bogotá, Colombia","Bogotá","Engativá","exacta","direccion","","4.703445299999999","-74.0906608","LI2GgZa2jnU0zjfY7hqlLW0XRDK2"
"revisar","false","CONJUNTO RESIDENCIAL SAN LUIS DE POTOSI - P.H.","","CONJUNTO RESIDENCIAL SAN LUIS DE POTOSI, Bogotá, Bogotá D.C., Colombia","Cra. 71d #97a21, Bogotá","Bogotá","","aproximada","nombre","Sin direccion; se ubico buscando el nombre (Google: ""Conjunto Residencial San Luis De Potosí"")","4.6975869999999995","-74.0820284","LIT3pZdKlwPaanAc8KNbRZ0QBYH3"
"revisar","true","CONJUNTO CERRADO TORRES DEL PALMAR - P.H.","Carrera 7 No 2-08 Sur","Carrera 7 # 2-08 Sur, Bogotá, Bogotá D.C., Colombia","Cra. 7 #2 08, Bogotá, Colombia","Bogotá","San Cristóbal","exacta","direccion","Google no confirmo el Sur/Este de la direccion","4.5834658","-74.0829116","LSoqbgs2zvN5St6xYgcjCQyRoN82"
"sin_resultado","false","CONJUNTO RESIDENCIAL TORRES DE SALITRE ALTO - P.H.","","CONJUNTO RESIDENCIAL TORRES DE SALITRE ALTO, Bogotá, Bogotá D.C., Colombia","","Bogotá","","","","Google solo encontro ""Salitre Alto Reservado"", que parece otro conjunto","","","LfHvaHfII2TDsQ26lawDWcrpsJN2"
"sin_resultado","false","CONJUNTO RESIDENCIAL NAVETAS VII - P.H.","","CONJUNTO RESIDENCIAL NAVETAS VII, Bogotá, Bogotá D.C., Colombia","","Bogotá","","","","Google solo encontro ""Conjunto Residencial Navetas Vinotinto"", que parece otro conjunto","","","MQPTI3n7ZsXdQxWD7yKPUfxEt552"
"ok","true","CONJUNTO RESIDENCIAL ALTAVISTA P.H","Carrera 80G 6 – 19","Carrera 80G 6 - 19, Bogotá, Bogotá D.C., Colombia","Cra. 80G #6-19, Bogotá, Colombia","Bogotá","Kennedy","aproximada","direccion","","4.636840299999999","-74.1531728","NF7uInXmk6cDU3r9AL32aIGWOd22"
"revisar","true","UNIDAD RESIDENCIAL AVENIDA SUBA URAS - P.H.","TV 60 No. 106-25 / CR 65 No. 103-87/81","UNIDAD RESIDENCIAL AVENIDA SUBA URAS, Bogotá, Bogotá D.C., Colombia","Av Suba #15, Bogotá","Bogotá","","aproximada","nombre","La direccion no sirvio; se ubico buscando el nombre (Google: ""URAS. Unidad Residencial Avenida Suba"")","4.6938409","-74.0678441","NYFjkGqwcbUq21TIKqtGhtdch4k1"
"revisar","false","CONJUNTO RESIDENCIAL PARQUES DE CASTILLA 3 - P.H.","","CONJUNTO RESIDENCIAL PARQUES DE CASTILLA 3, Bogotá, Bogotá D.C., Colombia","Cra. 79 #10D-59, Kennedy, Bogotá","Bogotá","","aproximada","nombre","Sin direccion; se ubico buscando el nombre (Google: ""Conjunto Residencial Parques de Castilla 3"")","4.6450317","-74.1401501","NfG1h2kN7qSv1UWzMS6L3glyCZ23"
"revisar","false","CONJUNTO RESIDENCIAL SALAMANCA - P.H.","","CONJUNTO RESIDENCIAL SALAMANCA, Bogotá, Bogotá D.C., Colombia","Cl. 63d Bis #28A-52, Bogotá","Bogotá","","aproximada","nombre","Sin direccion; se ubico buscando el nombre (Google: ""conjunto Residencial Salamanca"")","4.655986899999999","-74.0770266","NqJV1AvUl0ZPeiPXQtmd7fM29iZ2"
"ok","true","UNIDAD INMOBILIARIA RESIDENCIAL MULTIFAMILIARES GRATAMIRA I ETAPA - P.H.","la calle 136 #74 - 65 barrio gratamira","calle 136 #74 - 65, Bogotá, Bogotá D.C., Colombia","Cl 136 # 74-65, Suba, Bogotá, D.C., Bogotá, Bogotá, D.C., Colombia","Bogotá","Suba","exacta","direccion","","4.728016999999999","-74.074243","OkYk8qBfCiVkFk7t65gjjW9aca52"
"sin_resultado","false","AGRUPACION DE VIVIENDA L3 CELULA L BLOQUE LA LB TIMIZA - P.H.","","AGRUPACION DE VIVIENDA L3 CELULA L BLOQUE LA LB TIMIZA, Bogotá, Bogotá D.C., Colombia","","Bogotá","","","","Google solo encontro ""Unidad Residencial L.A L.B Timiza"", que parece otro conjunto","","","QFi5Hb8YXuZK0wYsQmGfP3AIA7h2"
"ok","true","CONJUNTO RESIDENCIAL ALCAPARRO - P.H.","Calle 13 #30-163 Soacha (Ciudad Verde)","Calle 13 #30-163, Soacha, Cundinamarca, Colombia","Cl. 13 #30-163, Soacha, Cundinamarca, Colombia","Soacha","","exacta","direccion","","4.5984655","-74.22188899999999","QVFr6JgSVaTxmZJLUpuq80WscUy1"
"ok","true","AGRUPACION DE VIVIENDA MIRADOR DE CASTILLA II - P.H.","CALLE 12A #71B-61","CALLE 12A #71B-61, Bogotá, Bogotá D.C., Colombia","Cl. 12a #71B-61, Bogotá, D.C, Bogotá, Colombia","Bogotá","Kennedy","exacta","direccion","","4.6413157","-74.1282889","RTrUvRIapKcsbROc5gd2eZQWqiJ3"
"sin_resultado","false","EDIFICIO TORRES ACQUA CLUB HOUSE - P.H.","","EDIFICIO TORRES ACQUA CLUB HOUSE, Bogotá, Bogotá D.C., Colombia","","Bogotá","","","","Google solo encontro ""Conjunto Residencial Acqua Club House"", que parece otro conjunto","","","RU2wbouzQ2TaC6UJjrGn8lWYV4I2"
"revisar","false","CONJUNTO RESIDENCIAL PARQUES DE CASTILLA - P.H.","","CONJUNTO RESIDENCIAL PARQUES DE CASTILLA, Bogotá, Bogotá D.C., Colombia","Cl. 6d #80b 89, Bogotá","Bogotá","","aproximada","nombre","Sin direccion; se ubico buscando el nombre (Google: ""Conjunto residencial Parques de Castilla"")","4.6388411","-74.1499755","Rd4o4SKcMWP9CkoWepmu0LEEvAe2"
"ok","true","CONJUNTO RESIDENCIAL MILAN - P.H.","CALLE 84 SUR # 14C - 51","CALLE 84 SUR # 14C - 51, Bogotá, Bogotá D.C., Colombia","Cl. 84 Sur #14c-51, sur, Bogotá, Colombia","Bogotá","Usme","exacta","direccion","","4.507044","-74.1129838","Ri4AlUJGzlMCAVzxwKDYDA7J7Mj1"
"revisar","true","CONJUNTO RESIDENCIAL TORRES DE SAN ISIDRO - P.H.","Carrera 69D # 1-51 Sur","Carrera 69D # 1-51 Sur, Bogotá, Bogotá D.C., Colombia","Cra. 69d #1-51, Kennedy, Bogotá, Colombia","Bogotá","Kennedy","exacta","direccion","Google no confirmo el Sur/Este de la direccion","4.6212801","-74.1314447","RwsR4gr1T1VLp93Owxelu6luzF52"
"revisar","false","CONJUNTO RESIDENCIAL URBANO 40 - P.H.","","CONJUNTO RESIDENCIAL URBANO 40, Bogotá, Bogotá D.C., Colombia","CALLE 40 SUR, Cra. 72k #02, Bogotá","Bogotá","","aproximada","nombre","Sin direccion; se ubico buscando el nombre (Google: ""URBANO 40"")","4.6092512","-74.1475914","SMVzEkf1KaX0UgSGA6ez1QsKOvS2"
"sin_resultado","true","CONJUNTO MAZUREN SECTOR II AGRUPACION 3 - P.H.","","CONJUNTO MAZUREN SECTOR II AGRUPACION 3, Bogotá, Bogotá D.C., Colombia","","Bogotá","","","","Google solo encontro ""Conjunto Residencial Mazuren 3"", que parece otro conjunto","","","TK7W7KQkXoZCYDXimybqsH6Mv3E3"
"ok","false","CONJUNTO RESIDENCIAL CIUDAD TINTAL SM 5 SL 3 - P.H.","CALLE 8A 92-71","CALLE 8A 92-71, Bogotá, Bogotá D.C., Colombia","Cl. 8a # 92-71, Bogotá, Colombia","Bogotá","Kennedy","exacta","direccion","","4.655357599999999","-74.15682330000001","TNQQmEBjeUdBjTUPW7Ub5EPqtgr2"
"ok","true","CONJUNTO RESIDENCIAL PARQUES DE CASTILLA 7 - P.H.","Carrera 79A # 11A-40","Carrera 79A # 11A-40, Bogotá, Bogotá D.C., Colombia","Cra. 79a #11A-40, Bogotá, Colombia","Bogotá","Kennedy","aproximada","direccion","","4.6461689","-74.1384932","UXIcO3lO0MUaaIR4oPRDtmfa8dC3"
"revisar","false","TORRE 40","CARRERA 72 K # 39 A 96","TORRE 40, Bogotá, Bogotá D.C., Colombia","Cra. 72h #39A -96, Kennedy, Bogotá, D.C, Bogotá","Bogotá","","aproximada","nombre","La direccion no sirvio; se ubico buscando el nombre (Google: ""Torre 40"")","4.6101966","-74.1425388","Un23w8NpRveU44UPCs08wleDrSt1"
"ok","true","CONJUNTO RESIDENCIAL LOS ARRAYANES DE SAUZALITO - P.H.","CARRERA 69D 24-15","CARRERA 69D 24-15, Bogotá, Bogotá D.C., Colombia","Cra. 69d #24-15, Bogotá, Colombia","Bogotá","Fontibón","exacta","direccion","","4.6584761","-74.1134442","UxBa8SAVgjYxl3pKBfxoVNx7B3h2"
"ok","true","EDIFICIO VERAGUAS CENTRAL - P.H.","CARRERA 34 5-39/47","CARRERA 34 5-39, Bogotá, Bogotá D.C., Colombia","Cra. 34 #5-39, Puente Aranda, Bogotá, Colombia","Bogotá","Puente Aranda","exacta","direccion","","4.6088574","-74.10298159999999","UyGKK4cLJ7gJpu4f3GTnRyzGKAn2"
"revisar","false","CONJUNTO RESIDENCIAL PRADOS DE KENNEDY - P.H.","CARRERA 78 M # 40 B 60","CARRERA 78 M # 40 B 60, Bogotá, Bogotá D.C., Colombia","Cra. 78m #40b -60, sur, Bogotá, Colombia","Bogotá","Kennedy","exacta","direccion","Google no confirmo el Sur/Este de la direccion","4.6204824","-74.156829","V1XvHUQoeNP1tTzevhRXCT8QnoA2"
"ok","true","CONJUNTO RESIDENCIAL CANELO - P.H.","CALLE  172 A # 8-20","CALLE 172 A # 8-20, Bogotá, Bogotá D.C., Colombia","Cl. 172A #8 20, Bogotá, Colombia","Bogotá","Usaquén","exacta","direccion","","4.750946900000001","-74.02820919999999","V3b96K9kdYUVOb7E6eSa8GA8uWv1"
"revisar","false","AGRUPACION SANTA LUCIA DE ALSACIA - P.H.","","AGRUPACION SANTA LUCIA DE ALSACIA, Bogotá, Bogotá D.C., Colombia","Cl. 12a #71c-60, Kennedy, Bogotá","Bogotá","","aproximada","nombre","Sin direccion; se ubico buscando el nombre (Google: ""Conjunto Residencial Santa Lucia de Alsacia"")","4.642481","-74.1285785","VVQg5UxlJ5MV4AwxD5VjpVkUner2"
"ok","true","CONJUNTO RESIDENCIAL ALAMEDAS I DE SUBA - P.H.","CALLE 131C 126-82","CALLE 131C 126-82, Bogotá, Bogotá D.C., Colombia","Cl. 131c #126 - 82, Suba, Bogotá, Cundinamarca, Colombia","Bogotá","Suba","exacta","direccion","","4.7396549","-74.1122961","VeENLdaaqOZP6O7Xp4EVO7tSem02"
"ok","true","CONJUNTO RESIDENCIAL USATAMA MANZANA B - P.H.","calle 23 bis #28-85","calle 23 bis #28-85, Bogotá, Bogotá D.C., Colombia","Cl. 23 Bis #28-85, Bogotá, Colombia","Bogotá","Los Mártires","exacta","direccion","","4.6227572","-74.08361479999999","VfDCAgwT5jdJrxqoskPTGK6mQb72"
"ok","true","AGRUPACION DE VIVIENDA COMPARTIR LA MARGARITA ETAPA 5 - P.H.","Calle 48 Sur No 89b – 43","Calle 48 Sur # 89b - 43, Bogotá, Bogotá D.C., Colombia","Cl. 48 Sur #89b-43, Bogotá, Colombia","Bogotá","Kennedy","aproximada","direccion","","4.635261499999999","-74.17959309999999","WR26R90CStfzcZGrPtx6asEAKjH3"
"ok","true","CONJUNTO RESIDENCIAL CUMBRES DEL SALITRE III - P.H.","Cl. 24c #68b-21","Cl. 24c #68b-21, Bogotá, Bogotá D.C., Colombia","Cl. 24c #68b-21, Fontibón, Bogotá, Colombia","Bogotá","Fontibón","aproximada","direccion","","4.6538955","-74.1083965","WWF5IQF1QQQid509j5p88X0tZNs1"
"ok","false","CONJUNTO RESIDENCIAL COMPOSTELA CASAS ETAPA II - P.H.","DIAGONAL 15B #104-46","DIAGONAL 15B #104-46, Bogotá, Bogotá D.C., Colombia","Dg. 15b #104-46, Fontibón, Bogotá, Cundinamarca, Colombia","Bogotá","Fontibón","exacta","direccion","","4.6704744","-74.15457010000002","XAALKb3GZNeSv2qJ0dDazxxmxD92"
"ok","true","CONJUNTO MULTIFAMILIAR COMPARTIR BOCHICA LOTE VI - P.H.","DIAGONAL 86A 102-50","DIAGONAL 86A 102-50, Bogotá, Bogotá D.C., Colombia","Dg 86a #102-50, Bogotá, Colombia","Bogotá","Engativá","aproximada","direccion","","4.7184701","-74.1080309","XE55rma3LyTPZRXIT1qIVU9dlsz1"
"revisar","false","CONJUNTO MULTIFAMILIAR NUEVA MADELENA - P.H.","","CONJUNTO MULTIFAMILIAR NUEVA MADELENA, Bogotá, Bogotá D.C., Colombia","Br. Madelena-KR 67, Cl. 62B Sur, Bogotá","Bogotá","","aproximada","nombre","Sin direccion; se ubico buscando el nombre (Google: ""Conjunto Multifamiliar Nueva Madelena"")","4.589754999999999","-74.1575744","XGvvuDn9jMVOEhjDX3KbNHn88fa2"
"sin_resultado","true","UNIDAD RESIDENCIAL CASABLANCA 30 - 31 - P.H.","CARRERA 79 47B-16 SUR","CARRERA 79 47B-16 SUR, Bogotá, Bogotá D.C., Colombia","","Bogotá","","","","Google la cambio por ""Cra. 79 # 8-47""","","","XQ2Tve5yvggadQPf3YMgztt8mcm2"
"ok","true","CONJUNTO RESIDENCIAL PARQUES DE CASTILLA 2 - P.H.","Transversal 73 # 11B - 77","Transversal 73 # 11B - 77, Bogotá, Bogotá D.C., Colombia","Tv. 73 #11B-77, Bogotá, Colombia","Bogotá","Kennedy","exacta","direccion","","4.6451596","-74.1354199","XUUdnZ7vRHXe3yQeixLBSERdGKn1"
"revisar","false","AGRUPACION ALMENDROS DE NUEVA CASTILLA - P.H.","CALLE 7 SUR # 90 64","AGRUPACION ALMENDROS DE NUEVA CASTILLA, Bogotá, Bogotá D.C., Colombia","Cl. 7 #90-64, Kennedy, Bogotá","Bogotá","","aproximada","nombre","La direccion no sirvio; se ubico buscando el nombre (Google: ""Agrupación Residencial Almendros de Nueva Castilla"")","4.6514602","-74.1563184","Xaz4mJX7CWNi7LuCBncyQH0T5Tw2"
"revisar","false","CONJUNTO RESIDENCIAL CORAL - P.H.","","CONJUNTO RESIDENCIAL CORAL, Bogotá, Bogotá D.C., Colombia","Cl. 22b #64-27, Bogotá","Bogotá","","aproximada","nombre","Sin direccion; se ubico buscando el nombre (Google: ""Conjunto Residencial Coral"")","4.645296399999999","-74.1061008","XhM3A78fm9c4fHbLMa83z2uqYo22"
"ok","false","CONJUNTO RESIDENCIAL ALSACIA REAL - P.H.","CALLE 12 A 71B-41","CALLE 12 A 71B-41, Bogotá, Bogotá D.C., Colombia","Cl. 12a # 71B-41, Kennedy, Bogotá, D.C., Bogotá, Bogotá, D.C., Colombia","Bogotá","Kennedy","exacta","direccion","","4.640168099999999","-74.1276097","Y2KkR3oALsRb71sNggZO4ITruF73"
"revisar","false","CONJUNTO RESIDENCIAL MILANO - P.H.","","CONJUNTO RESIDENCIAL MILANO, Bogotá, Bogotá D.C., Colombia","Cra 87B #19a-40, Bogotá","Bogotá","","aproximada","nombre","Sin direccion; se ubico buscando el nombre (Google: ""Conjunto Residencial Milano"")","4.664035","-74.13379220000002","YRDPDRgm5VWXdy8iQRfgRTxtkzq2"
"ok","true","CONJUNTO RESIDENCIAL EL LAGO - P.H.","Carrera 77 No. 20-53","Carrera 77 # 20-53, Bogotá, Bogotá D.C., Colombia","Cra. 77 #20 - 53, Fontibón, Bogotá, Cundinamarca, Colombia","Bogotá","Fontibón","exacta","direccion","","4.6581546","-74.1258106","YgLkC7cwpzezP2DQ5eckCSsJEVW2"
"revisar","true","CONJUNTO RESIDENCIAL KASSAY I - P.H.","Carrera 98b  # 69 06 sur","Carrera 98b # 69 06 sur, Bogotá, Bogotá D.C., Colombia","Cra. 98b #69-06, Bosa, Bogotá, Cundinamarca, Colombia","Bogotá","Bosa","exacta","direccion","Google no confirmo el Sur/Este de la direccion","4.6343954","-74.2009934","Yupv2R31yXQ6BeNEvdGE2cM9SUG2"
"revisar","true","CONJUNTO RESIDENCIAL RECREO RESERVADO 1 - P.H.","Cra. 102 No 69-51 Sur","Cra. 102 # 69-51 Sur, Bogotá, Bogotá D.C., Colombia","Cra. 102 #69-51, Bogotá, Colombia","Bogotá","Engativá","exacta","direccion","Google no confirmo el Sur/Este de la direccion","4.7019114","-74.1213056","ZBVypse821eVxUztWJXk67etEAq2"
"revisar","false","EDIFICIO SAN REMO - P.H.","","EDIFICIO SAN REMO, Bogotá, Bogotá D.C., Colombia","Av. Ciudad de Lima #6-48, Bogotá","Bogotá","","aproximada","nombre","Sin direccion; se ubico buscando el nombre (Google: ""EDIFICIO SAN REMO"")","4.6053767","-74.0712025","aZMPq2FNN9MLDq3zyTt9BAnAz3W2"
"sin_resultado","false","AGRUPACION DE VIVIENDA CARIMAGUA 127 - P.H.","CARRERA 72 39-64 SUR","CARRERA 72 39-64 SUR, Bogotá, Bogotá D.C., Colombia","","Bogotá","","","","Google la cambio por ""Cra. 72 #39""","","","amKbFKPPHSWIXkd2HLuQrY5aM8x1"
"ok","true","CONJUNTO RESIDENCIAL QUINTAS DEL REDIL - P.H.","la Carrera 8 # 173-50","Carrera 8 # 173-50, Bogotá, Bogotá D.C., Colombia","Cra 8 #173-50, Usaquén, Bogotá, Colombia","Bogotá","Usaquén","aproximada","direccion","","4.7527875","-74.0272581","bUZYlj1CtEUxWrpKvEAB7ksa3x22"
"ok","true","AGRUPACION DE VIVIENDA ACACIA - P.H.","Calle 34A # 38-161","Calle 34A # 38-161, Soacha, Cundinamarca, Colombia","Cl. 34A #38-161, Soacha, Cundinamarca, Colombia","Soacha","","exacta","direccion","","4.6131547","-74.219853","bcj6EPTZqhb6drwCcAOHxlPWH6E3"
"sin_resultado","false","uno","","uno, Bogotá, Bogotá D.C., Colombia","","Bogotá","","","","Google solo encontro ""Diagonal 1"", que parece otro conjunto","","","cOWp3sfkHyPmKKSNLWGNey3o10D2"
"revisar","true","EDIFICIO MIRADOR DE SAN CRISTOBAL - P.H.","Carrera 10ª Este No. 17ª – 67 Sur","EDIFICIO MIRADOR DE SAN CRISTOBAL, Bogotá, Bogotá D.C., Colombia","Cra. 5 Este #13 Sur-84 a Calle 13 Sur, #2, Bogotá","Bogotá","","aproximada","nombre","La direccion no sirvio; se ubico buscando el nombre (Google: ""Edificio Mirador de San Cristóbal"")","4.570976","-74.0814472","chvAEGzRtZdXy73VqhVbhH4WW6I2"
"ok","true","CONJUNTO RESIDENCIAL PORVENIR RESERVADO CASAS 1 - P.H.","CALLE 50 SUR # 98 B 67","CALLE 50 SUR # 98 B 67, Bogotá, Bogotá D.C., Colombia","Cl. 50 Sur #98b-67, Bogotá, Colombia","Bogotá","Bosa","exacta","direccion","","4.6429355","-74.18622049999999","d3ODqY2Rmyg85V3rKe9jFlrPJUk2"
"ok","false","UNIDAD RESIDENCIAL TIMIZA CELULA J - P.H.","CARRERA 72Q 41C -71","CARRERA 72Q 41C -71, Bogotá, Bogotá D.C., Colombia","Cra. 72q #41c 71, Bogotá, Colombia","Bogotá","Kennedy","exacta","direccion","","4.6039539","-74.15526","d5fM66evZuS1U6UhXT3rpwb6qcB2"
"revisar","false","CONJUNTO PARQUE RESIDENCIAL LOS ROBLES - P.H.","","CONJUNTO PARQUE RESIDENCIAL LOS ROBLES, Bogotá, Bogotá D.C., Colombia","Parque los robles, Cl. 148 #94a-10, Bogotá","Bogotá","","aproximada","nombre","Sin direccion; se ubico buscando el nombre (Google: ""Conjunto residencial Parque Los Robles"")","4.744828","-74.0854121","dflIhOCWYKOndrpU10caiYw6EEP2"
"ok","true","CONJUNTO RESIDENCIAL SAINT MALO - P.H.","CRA. 6  17 A 07 SUR","CRA. 6 17 A 07 SUR, Bogotá, Bogotá D.C., Colombia","Cra. 6 #17a 07 Sur, Bogotá, Colombia","Bogotá","San Cristóbal","exacta","direccion","","4.575254999999999","-74.0898102","dnn7g8PxszOM9MG736R8st3VWCu1"
"ok","true","CONJUNTO RESIDENCIAL PARQUE CENTRAL BONAVISTA ETAPA I - P.H.","CALLE 63 SUR 70D-75","CALLE 63 SUR 70D-75, Bogotá, Bogotá D.C., Colombia","Parque Central Bonavista 1, Cl. 63 Sur #70D-75, Bogotá, Colombia","Bogotá","Ciudad Bolívar","exacta","direccion","","4.5878013","-74.16325580000002","dzHJTxhPdRRvBxwShtOvaRBJVdP2"
"sin_resultado","true","CONJUNTO RESIDENCIAL MADELENA MANZANA 45 EDIFICIO II - P.H.","CALLE 62 B SUR 3 62 44","CALLE 62 B SUR 3 62 44, Bogotá, Bogotá D.C., Colombia","","Bogotá","","","","Google la cambio por ""Cl. 62b Sur # 86D-3 44""","","","e3zAyuWpMONM8Y6v185upEjWyds2"
"ok","true","CONJUNTO RESIDENCIAL MONTANA - P.H.","Calle 59 No. 58-17","Calle 59 # 58-17, Bogotá, Bogotá D.C., Colombia","Cl. 59 #58-17, Teusaquillo, Bogotá, Colombia","Bogotá","Teusaquillo","aproximada","direccion","","4.6534473","-74.0889411","e9yrEKsYWNdK3EZ9KGiH729BRTv1"
"ok","false","CONJUNTO RESIDENCIAL SAUCES II - P.H.","CALLE 34 A # 38 - 237","CALLE 34 A # 38 - 237, Bogotá, Bogotá D.C., Colombia","Cl. 34A #38 237, Bogotá, D.C, Bogotá, Colombia","Bogotá","","exacta","direccion","","4.6130455","-74.2197462","eGkvPzPCKSW00rWFC7R2RYDSiUu1"
"ok","true","AGRUPACION DE VIVIENDA LOS CAMBULOS - P.H.","Cra. 111C #86a-68","Cra. 111C #86a-68, Bogotá, Bogotá D.C., Colombia","Cra. 111C #86A -68, Engativá, Bogotá, Cundinamarca, Colombia","Bogotá","Engativá","exacta","direccion","","4.7239797","-74.1124914","eNprrFwXHsc2g1SuLoV9jMFXoY93"
"ok","true","CENTRO COMERCIAL CIUDAD MONTES - P.H.","CALLE 11 SUR 31-39","CALLE 11 SUR 31-39, Bogotá, Bogotá D.C., Colombia","Ac. 11 Sur #31-39, Antonio Nariño, Bogotá, Cundinamarca, Colombia","Bogotá","Antonio Nariño","exacta","direccion","","4.5842676","-74.09334989999999","ecnQOGZORQfRxEQZ6HwzFzoTvdg1"
"revisar","false","CONJUNTO RESIDENCIAL BOSQUES DE KENNEDY - P.H.","CARRERA 78 K # 40 29 SUR","CARRERA 78 K # 40 29 SUR, Bogotá, Bogotá D.C., Colombia","Cra. 78k #40 - 29, Bogotá, Colombia","Bogotá","Kennedy","exacta","direccion","Google no confirmo el Sur/Este de la direccion","4.6206396","-74.1560856","equfFlZBHaWVSPfDkdhrvdch0N92"
"ok","true","CONJUNTO RESIDENCIAL HORTENSIA - P.H.","Calle 33 # 39 – 95","Calle 33 # 39 - 95, Soacha, Cundinamarca, Colombia","Cl. 33 #39-95, Soacha, Cundinamarca, Colombia","Soacha","","aproximada","direccion","","4.6134636","-74.22178439999999","esNU2q29MlfYZImk7FFwBrmGgXx2"
"ok","true","CONJUNTO RESIDENCIAL PUNTA DEL ESTE - P.H.","Carrera 64 No. 23 A- 49","Carrera 64 # 23 A- 49, Bogotá, Bogotá D.C., Colombia","Cra. 64 #23A-49, Bogotá, Colombia","Bogotá","Teusaquillo","aproximada","direccion","","4.6463287","-74.1047258","ew9TcnVFp2XnQ3HSjiUwGL1uLOr1"
"ok","false","CONJUNTO RESIDENCIAL LA FORTUNA I - P.H.","CALLE 4 C # 14 - 16","CALLE 4 C # 14 - 16, Bogotá, Bogotá D.C., Colombia","Cl. 4c #14-16, Bogotá, Colombia","Bogotá","Puente Aranda","exacta","direccion","","4.6185615","-74.11344919999999","frHSzK81A6bUIkD5d4sA1vyGfZX2"
"revisar","false","AGRUPACION LOS CONDOMINIOS III URBANIZACION TIERRA BUENA - P.H.","CARRERA 95 34-39","AGRUPACION LOS CONDOMINIOS III URBANIZACION TIERRA BUENA, Bogotá, Bogotá D.C., Colombia","Cra 95A, Cl. 39 Sur #34, Bogotá","Bogotá","","aproximada","nombre","La direccion no sirvio; se ubico buscando el nombre (Google: ""Los Condominios De Tierra Buena III"")","4.6473251","-74.1707879","gWjsZHiOjJfOi18wyopKhxudLFB2"
"revisar","false","CONJUNTO RESIDENCIAL MULTIFAMILIAR LOS ANDES SEGUNDA ETAPA - P.H.","","CONJUNTO RESIDENCIAL MULTIFAMILIAR LOS ANDES SEGUNDA ETAPA, Bogotá, Bogotá D.C., Colombia","Cra. 69a #25-45, Bogotá","Bogotá","","aproximada","nombre","Sin direccion; se ubico buscando el nombre (Google: ""CONJUNTO MULTIFAMILIAR LOS ANDES 2"")","4.6578405","-74.1086361","glvuWhQhiwYXiQ2arZccRYZ1qmv2"
"ok","true","CONJUNTO RESIDENCIAL AMERICAS 68 MANZANA 2 - P.H.","AVE CARRERA 68 # 1 A 55","Avenida CARRERA 68 # 1 A 55, Bogotá, Bogotá D.C., Colombia","Av. 68 #1a-55, Bogotá, Colombia","Bogotá","Kennedy","exacta","direccion","","4.6226783","-74.12549849999999","gppJAthDbBcVmOxU2pvt7CpQvuI2"
"revisar","false","CONJUNTO RESIDENCIAL OASIS DE SAN MATEO - P.H.","CALLE 33 # 7 E-99","CONJUNTO RESIDENCIAL OASIS DE SAN MATEO, Bogotá, Bogotá D.C., Colombia","Cra. 3 #30-130, Soacha, Cundinamarca","Bogotá","","aproximada","nombre","La direccion no sirvio; se ubico buscando el nombre (Google: ""Conjunto Residencial Oasis De San Mateo"")","4.5844701","-74.2041842","gwasKpFkalORXpQQbRdFPoUPDZE3"
"sin_resultado","true","CONJUNTO RESIDENCIAL CASA GRANDE MANZANA 3 ETAPA 1 Y 2 - P.H.","En la Transversal 63 # 68B - 12 Sur","Transversal 63 # 68B - 12 Sur, Bogotá, Bogotá D.C., Colombia","","Bogotá","","","","Google la cambio por ""Tv. 63 #68f27""","","","h7V4NyGkQXe58qaARqLKgJ4aixu1"
"ok","false","CONJUNTO RESIDENCIAL PARQUE TUPARRO I - P.H.","CALLE 77 SUR # 81 H -20","CALLE 77 SUR # 81 H -20, Bogotá, Bogotá D.C., Colombia","Cl. 77 Sur #81H-20, Bosa, Bogotá, Cundinamarca, Colombia","Bogotá","Bosa","exacta","direccion","","4.6147968","-74.202187","hPfE00qA8CcdJKfsT4hY3Gz3KzH3"
"ok","true","CONJUNTO RESIDENCIAL PORTAL DE LAS AMERICAS MANZANA H - P.H.","LA CARRERA 73 #6C-71","CARRERA 73 #6C-71, Bogotá, Bogotá D.C., Colombia","Cra. 73 #6c-71, Bogotá, Colombia","Bogotá","Kennedy","exacta","direccion","","4.6343225","-74.1403145","hp3mz5pLOOcnuPMyFuFAJOGDbAz2"
"revisar","true","CONJUNTO CERRADO LOS BUGANVILES - P.H.","CARMEN DE APICALA BARRIO SAN JUAN LOZANO","CONJUNTO CERRADO LOS BUGANVILES, Carmen de Apicalá, Tolima, Colombia","Carmen de Apicalá, Tolima","Carmen de Apicalá","","aproximada","nombre","La direccion no sirvio; se ubico buscando el nombre (Google: ""Condominio Residencial Los Buganviles"")","4.1447953","-74.72730539999999","i6w5uYk8NNSvV5vLa1mlb7blMIs1"
"ok","false","CONJUNTO RESIDENCIAL PARQUE CENTRAL PONTEVEDRA SEGUNDA ETAPA - P.H.","CALLE 95 71-31","CALLE 95 71-31, Bogotá, Bogotá D.C., Colombia","Cl. 95 #71-31, Suba, Bogotá, 104, Colombia","Bogotá","Suba","exacta","direccion","","4.695272999999999","-74.08249959999999","izqeXU2J69StRtKZMJfuX2vZf0e2"
"ok","true","CONJUNTO RESIDENCIAL CASTILLA OCCIDENTAL - P.H.","CARRERA 82A 6B-30","CARRERA 82A 6B-30, Bogotá, Bogotá D.C., Colombia","Cra. 82a #6b 30, Bogotá, Colombia","Bogotá","Kennedy","aproximada","direccion","","4.6396377","-74.1528058","j9vU6ExrGVPkKoZQ59w5gK94jWh2"
"sin_resultado","false","CONJUNTO RESIDENCIAL PUNTA DEL ESTE LOTE 1 - P.H.","","CONJUNTO RESIDENCIAL PUNTA DEL ESTE LOTE 1, Bogotá, Bogotá D.C., Colombia","","Bogotá","","","","Google solo encontro ""Conjunto Residencial Punta Del Este"", que parece otro conjunto","","","jAW9wa3r61ftFQHsIqWTdcVqAmT2"
"ok","true","CONJUNTO RESIDENCIAL DALIA - P.H.","Carrera. 31 este #41-99","Carrera. 31 este #41-99, Soacha, Cundinamarca, Colombia","Cra. 31 Este #41-99, Soacha, Cundinamarca, Colombia","Soacha","","exacta","direccion","","4.5728116","-74.1820886","jIcY0JhLhEayRB30HC1ZdydVLR72"
"revisar","true","CONJUNTO RESIDENCIAL LOS CONDOMINIOS II DE TIERRA BUENA - P.H.","Carrera 95ª No. 34-75 Sur","CONJUNTO RESIDENCIAL LOS CONDOMINIOS II DE TIERRA BUENA, Bogotá, Bogotá D.C., Colombia","Cra 95A #34-75 Sur, Bogotá","Bogotá","","aproximada","nombre","La direccion no sirvio; se ubico buscando el nombre (Google: ""Los Condominios de Tierra Buena II"")","4.6471013","-74.1712222","jUPGghfQcncynhRqj0XuBo6agWl2"
"ok","true","CONJUNTO RESIDENCIAL COLINA CLUB - P.H.","CARRERA 62 165A - 88","CARRERA 62 165A - 88, Bogotá, Bogotá D.C., Colombia","Cra. 62 #165A-88, Bogotá, Colombia","Bogotá","Suba","exacta","direccion","","4.7497783","-74.06145939999999","k5OKerQmOKbXfgUSXSUCJLeSvav2"
"ok","true","CONJUNTO DE USO RESIDENCIAL VILLA DE MADRIGAL - P.H.","la calle 78a #100b - 10","calle 78a #100b - 10, Bogotá, Bogotá D.C., Colombia","Cl. 78a # 100B-10, Engativá, Bogotá, D.C., Bogotá, Bogotá, D.C., Colombia","Bogotá","Engativá","exacta","direccion","","4.710209","-74.113389","kEmeq8wXlOdzBTJftQdfQljSPmA2"
"ok","true","CONJUNTO RESIDENCIAL ALAMEDA DEL PORVENIR SEGUNDA ETAPA - P.H.","calle 55 sur  # 104 – 49","calle 55 sur # 104 - 49, Bogotá, Bogotá D.C., Colombia","Cl 55 Sur #104-49, Bogotá, Colombia","Bogotá","Bosa","exacta","direccion","","4.644018099999999","-74.1945054","kXZDjJ9JBdcScge8Fngz38GdLvH3"
"ok","true","CONJUNTO MULTIFAMILIAR SANTA CLARA DE LOS HAYUELOS - P.H.","Carrera 91 #19a -29","Carrera 91 #19a -29, Bogotá, Bogotá D.C., Colombia","Av. Cra. 91 #19a-29, Fontibón, Bogotá, Colombia","Bogotá","Fontibón","aproximada","direccion","","4.6667001","-74.1362912","kXhy5J82HcbhufO1yZHm2XHEQ952"
"sin_resultado","false","CONJUNTO RESIDENCIAL TUNAL CENTRAL SL 6 - P.H.","","CONJUNTO RESIDENCIAL TUNAL CENTRAL SL 6, Bogotá, Bogotá D.C., Colombia","","Bogotá","","","","Google solo encontro ""Conjunto Residencial Tunal Central S.L. 7"", que parece otro conjunto","","","l807SC6QPyZIAxsavgPvEb5341N2"
"ok","false","CONJUNTO RESIDENCIAL BALCONES DE SEGOVIA - P.H.","CARRERA 59A 136-39","CARRERA 59A 136-39, Bogotá, Bogotá D.C., Colombia","Cra. 59a #136-39, Bogotá, Colombia","Bogotá","Suba","exacta","direccion","","4.7285898","-74.06824569999999","lL39rNlkiPZPQ8FpRDKXImRWHaw1"
"ok","true","CONJUNTO RESIDENCIAL CASA LINDA ETAPA 8 - P.H.","CRA 4 ESTE No 30-77","CRA 4 ESTE # 30-77, Bogotá, Bogotá D.C., Colombia","Cra. 4 Este #30-77, Bogotá, Soacha, Cundinamarca, Colombia","Bogotá","","exacta","direccion","","4.5818077","-74.20367800000001","lZiAWeuTmTVt2iIZ0ruz8Bqd6MA3"
"revisar","false","URBANIZACION MACONDO - P.H.","","URBANIZACION MACONDO, Bogotá, Bogotá D.C., Colombia","Ak 14 #38-58, Bogotá","Bogotá","","aproximada","nombre","Sin direccion; se ubico buscando el nombre (Google: ""MACONDO Santa Lucía - Edificio PH"")","4.5754811","-74.1202313","m06ofv4ytbVVQPLFcBNvaS9U2E82"
"ok","true","CONJUNTO RESIDENCIAL ALBORADA - P.H.","CALLE 13A 83-25","CALLE 13A 83-25, Bogotá, Bogotá D.C., Colombia","Conjunto Residencial Alborada, Cl. 13a #83-25, Kennedy, Bogotá, Colombia","Bogotá","Kennedy","aproximada","direccion","","4.6530961","-74.14142919999999","mIWGCub1WhgHhyaKg1eB9tBZ3HJ2"
"revisar","false","CONJUNTO RESIDENCIAL CARABELAS CENTRAL - P.H.","CARRERA 40 C # 9 21 SUR","CARRERA 40 C # 9 21 SUR, Bogotá, Bogotá D.C., Colombia","Cra. 40c #9-21, Puente Aranda, Bogotá, Colombia","Bogotá","Puente Aranda","exacta","direccion","Google no confirmo el Sur/Este de la direccion","4.6059414","-74.1171118","maTMi2632eVEJL3flzV7iaUJdZE2"
"ok","true","CONJUNTO RESIDENCIAL RINCON DE IPANEMA - P.H.","calle 2ª 93-35","calle 2 93-35, Bogotá, Bogotá D.C., Colombia","Cl. 2 #93-35, Bogotá, Colombia","Bogotá","Kennedy","exacta","direccion","","4.6480066","-74.16587109999999","mwXFm5W3gPUcQwf6kQYArWuXc8x2"
"revisar","false","EDIFICIO ELEMENT - P.H.","","EDIFICIO ELEMENT, Bogotá, Bogotá D.C., Colombia","Cl. 92 #9-25, Bogotá","Bogotá","","aproximada","nombre","Sin direccion; se ubico buscando el nombre (Google: ""Edificio Element"")","4.672135","-74.0458455","nFmtDY2nbrO2huMSQlhAm8zzcHp1"
"revisar","true","AGRUPACION DE VIVIENDA BARICHARA - P.H.","CARRERA 1 30-78 SUR SOACHA","CARRERA 1 30-78 SUR, Soacha, Cundinamarca, Colombia","Cra. 1 #30-78, Soacha, Cundinamarca, Colombia","Soacha","","exacta","direccion","Google no confirmo el Sur/Este de la direccion","4.5832511","-74.2040906","nl28GZJnFITNc7GVlJ63XNk8qn42"
"revisar","false","CONJUNTO RESIDENCIAL TERRAGRANDE 4 ETAPA 4 - P.H.","CARRERA 6 A #38-88","CONJUNTO RESIDENCIAL TERRAGRANDE 4 ETAPA 4, Bogotá, Bogotá D.C., Colombia","Cra. 4 Este #36-88, Soacha, Cundinamarca","Bogotá","","aproximada","nombre","La direccion no sirvio; se ubico buscando el nombre (Google: ""Conjunto Residencial Terra Grande IV Etapa IV"")","4.5848713","-74.1924173","oP6HDRPIwCWwBvkfNkT3hjZ4epu1"
"ok","true","AGRUPACION DE VIVIENDA DOS A LOS SAUCES - P.H.","CALLE 80A 111C-35","CALLE 80A 111C-35, Bogotá, Bogotá D.C., Colombia","Cl. 80a #111c-35, Bogotá, Colombia","Bogotá","Engativá","exacta","direccion","","4.7194615","-74.118343","pJz2jlZZRTXsxlSSGO9lIpQXyUh2"
"ok","true","CONJUNTO SOLSTICIO PARQUE RESIDENCIAL ETAPA 4 - P.H.","En la Calle 14 b # 119 A - 76","Calle 14 b # 119 A - 76, Bogotá, Bogotá D.C., Colombia","Cl. 14b #119a 76, Bogotá, Colombia","Bogotá","Fontibón","aproximada","direccion","","4.681424199999999","-74.1660165","pZrCHLUIhSaTIJPiigDP6VFIbfq1"
"ok","true","CONJUNTO RESIDENCIAL TUNAL CENTRAL SL 5 - P.H.","Diagonal 62 Sur No. 20A 30","Diagonal 62 Sur # 20A 30, Bogotá, Bogotá D.C., Colombia","Dg. 62 Sur #20a-30, Bogotá, Colombia","Bogotá","Ciudad Bolívar","exacta","direccion","","4.5642813","-74.14236629999999","pby8FqgbkiUeKOppJt6LDbLPAwA3"
"revisar","true","UNIDAD RESIDENCIAL CASA BLANCA 32 – P.H.","CARRERA 79 F 46-16 SUR","CARRERA 79 F 46-16 SUR, Bogotá, Bogotá D.C., Colombia","Cra. 79f #46-16, Bogotá, Colombia","Bogotá","Kennedy","exacta","direccion","Google no confirmo el Sur/Este de la direccion","4.6182361","-74.1679296","pgWNQnEtkKQk3yNbTs9Y6VvnLZj1"
"ok","true","CONJUNTO RESIDENCIAL ZAPAN DE CASTILLA - P.H.","CALLE 6C #82-25","CALLE 6C #82-25, Bogotá, Bogotá D.C., Colombia","Cl. 6c # 82 a 25, Kennedy, Bogotá, Cundinamarca, Colombia","Bogotá","Kennedy","exacta","direccion","","4.640697299999999","-74.1533695","pkT6s9oFJJUQZsBibFCkmzJAXml1"
"ok","true","CONJUNTO RESIDENCIAL PUEBLO NUEVO CASAS 2 - P.H.","Carrera 99 bis # 14 -05","Carrera 99 bis # 14 -05, Bogotá, Bogotá D.C., Colombia","Cra. 99 Bis #14-5, Fontibón, Bogotá, Cundinamarca, Colombia","Bogotá","Fontibón","exacta","direccion","","4.6657982","-74.1556525","q3f7vombLWgOezkDhovNTXnYi3n2"
"revisar","true","URBANIZACION TIMIZA CELULA G AGRUPACION G5 BLOQUE GA y GB - P.H.","la Carrera 78 No. 41 b – 20 sur","Carrera 78 # 41 b - 20 sur, Bogotá, Bogotá D.C., Colombia","Cra. 78 #41B-20, Antonio Nariño, Bogotá, Colombia","Bogotá","Antonio Nariño","aproximada","direccion","Google no confirmo el Sur/Este de la direccion","4.6138591","-74.1568425","qfNAKJzuneWXvNko6nL8OjGNBQ12"
"revisar","true","CONJUNTO RESIDENCIAL QUINTAS DE LA AUTOPISTA SL 2 - P.H.","Carrera 71 No. 62B-35 Sur","Carrera 71 # 62B-35 Sur, Bogotá, Bogotá D.C., Colombia","Cra. 71 #62b-35, barrio, Bogotá, Colombia","Bogotá","Ciudad Bolívar","exacta","direccion","Google no confirmo el Sur/Este de la direccion","4.5909869","-74.1642652","r5QCZBCKVCRWVta9N7DpDg1ELOf1"
"ok","false","CONJUNTO RESIDENCIAL ARBOLEDA DE SAN GABRIEL I Y II - P.H.","CALLE 3 SUR # 70 81","CALLE 3 SUR # 70 81, Bogotá, Bogotá D.C., Colombia","Cl. 3 Sur #70-81, Bogotá, Colombia","Bogotá","Kennedy","exacta","direccion","","4.6194763","-74.13228409999999","rBxWqFALrWSlkg99mOu0agFXQQY2"
"ok","true","EDIFICIO PRADELLO - P.H.","Cl. 48 #28-67 71","Cl. 48 #28-67 71, Bogotá, Bogotá D.C., Colombia","Cl. 48 #28-67 71, Bogotá, Colombia","Bogotá","Teusaquillo","exacta","direccion","","4.6381086","-74.07830969999999","rF5IKxSQkKPmHXtD1Kpl0ZhrC132"
"revisar","true","CONJUNTO RESIDENCIAL PARQUE DE LA AVENIDA - P.H.","Transversal 78K # 41-35 Sur","Transversal 78K # 41-35 Sur, Bogotá, Bogotá D.C., Colombia","Tv. 78k #41-35, Bogotá, Colombia","Bogotá","Kennedy","exacta","direccion","Google no confirmo el Sur/Este de la direccion","4.6197455","-74.1582044","rSTawYpAQ6X2lGOSBB3Cg34Mx482"
"ok","true","CONJUNTO RESIDENCIAL LOS ARRAYANES DE SUBA ETAPA I Y II -P.H.","CARRERA 115 153-80","CARRERA 115 153-80, Bogotá, Bogotá D.C., Colombia","Cra. 115 #153-80, Bogotá, Colombia","Bogotá","Suba","exacta","direccion","","4.7590463","-74.09856909999999","rZXaWDtMGSZ1coCIBcAI86MMHms1"
"revisar","true","CONJUNTO RESIDENCIAL CELTA CAMPESTRE - P.H.","CALLE 10 10-60 FUNZA","CONJUNTO RESIDENCIAL CELTA CAMPESTRE, Funza, Cundinamarca, Colombia","Cl. 7 #10-60, Funza, Mosquera, Cundinamarca","Funza","","aproximada","nombre","La direccion no sirvio; se ubico buscando el nombre (Google: ""Celta Campestre Conjunto Residencial"")","4.711272699999999","-74.2158675","s4Z5O4UUAxfgdppkDcjZSqjkI4s1"
"ok","false","CONJUNTO RESIDENCIAL PORTAL DE CARIMAGUA - P.H.","CALLE 39 B SUR # 72 J 45","CALLE 39 B SUR # 72 J 45, Bogotá, Bogotá D.C., Colombia","Cl. 39b Sur #72J-45, Kennedy, Bogotá, Cundinamarca, Colombia","Bogotá","Kennedy","exacta","direccion","","4.608163999999999","-74.14670269999999","sAZLbjAvn7Ycxz39SAiyt8E13Hh1"
"revisar","true","Conjunto residencial nuevo P.H.","","Conjunto residencial nuevo, Armenia, Colombia","Nuevo Armenia #m.8, Armenia, Quindío","Armenia","","aproximada","nombre","Sin direccion; se ubico buscando el nombre (Google: ""Ciudadela Nuevo Armenia 3"")","4.529539499999999","-75.69888159999999","sPzueBFN8MTXELZjHUoT7OjaXq82"
"ok","true","CONJUNTO RESIDENCIAL MIRADOR DE FONTIBON - P.H.","Calle 17 C # 135 - 51","Calle 17 C # 135 - 51, Bogotá, Bogotá D.C., Colombia","Cl. 17c #135-51, Bogotá, Colombia","Bogotá","Fontibón","exacta","direccion","","4.6954234","-74.1677332","sYMnTCxeOebZWwxFHKTbSiKct6h1"
"ok","true","CONJUNTO DE USO RESIDENCIAL SANTA MARIA DEL SALITRE - P.H.","Carrera 68B # 23-50","Carrera 68B # 23-50, Bogotá, Bogotá D.C., Colombia","Cra. 68b #23-50, Bogotá, Colombia","Bogotá","Fontibón","exacta","direccion","","4.651418","-74.10928659999999","sgPdkp9XOzYcr907uB1pB8ht0t22"
"ok","false","CONJUNTO RESIDENCIAL CASTILLA REAL ETAPA I - P.H.","CALLE 10 79-15","CALLE 10 79-15, Bogotá, Bogotá D.C., Colombia","Cl. 10 #79-15, Bogotá, Colombia","Bogotá","Kennedy","exacta","direccion","","4.643622199999999","-74.14185420000001","svBYh186C9VsvkMCxxFPK4Pr16F3"
"ok","true","AGRUPACION DE VIVIENDA PORTAL DE SANTA FE V - P.H.","CL 54 A SUR 37 81","CL 54 A SUR 37 81, Bogotá, Bogotá D.C., Colombia","Cl. 54a Sur #37-81, Bogotá, D.C, Bogotá, Colombia","Bogotá","Tunjuelito","exacta","direccion","","4.586734499999999","-74.1427254","t183gLhO21Q55EKrTSmTvpImve22"
"ok","false","CONJUNTO RESIDENCIAL ATALANTA ETAPA I - P.H.","CALLE12 C # 71 C 31","CALLE 12 C # 71 C 31, Bogotá, Bogotá D.C., Colombia","Cl. 12c #71C-31, Kennedy, Bogotá, Colombia","Bogotá","Kennedy","exacta","direccion","","4.6433841","-74.1256842","tDZpwcqcOyMCVGiECb3OH7CWSu43"
"revisar","false","CONJUNTO RESIDENCIAL SANTAMARIA RESERVADO 4 - P.H.","","CONJUNTO RESIDENCIAL SANTAMARIA RESERVADO 4, Bogotá, Bogotá D.C., Colombia","Cra. 91c #2-55, Bogotá","Bogotá","","aproximada","nombre","Sin direccion; se ubico buscando el nombre (Google: ""CONJUNTO SANTA MARIA RESERVADO 4"")","4.6475177","-74.16481929999999","u51BhbLxkpYMyxEE706i8DiIwF42"
"ok","true","CONJUNTO RESIDENCIAL LA RIBERA ALSACIA RESERVADO - P.H.","la Carrera 69 # 12 b - 21","Carrera 69 # 12 b - 21, Bogotá, Bogotá D.C., Colombia","Cra 69 #12B 21, Bogotá, Colombia","Bogotá","Kennedy","exacta","direccion","","4.6399542","-74.1252025","uH3MSMgeLTPFt3a09knVRHvVEZF3"
"revisar","true","CONJUNTO RESIDENCIAL CAMINO DE LOS ANDES - P.H.","CALLE 31 SUR 9C -51 ESTE","CALLE 31 SUR 9C -51 ESTE, Bogotá, Bogotá D.C., Colombia","Cl. 31 Sur # 9C-51, San Cristóbal, Bogotá, D.C., Bogotá, Bogotá, D.C., Colombia","Bogotá","San Cristóbal","exacta","direccion","Google no confirmo el Sur/Este de la direccion","4.558530999999999","-74.081923","uQS2gNKVWqY9aKMmoI0LP8g9HE62"
"ok","true","CONJUNTO RESIDENCIAL PARQUES DE CASTILLA 4 - P.H.","CARRERA 79 10D-95","CARRERA 79 10D-95, Bogotá, Bogotá D.C., Colombia","Cra. 79 #10D-95, Kennedy, Bogotá, Colombia","Bogotá","Kennedy","exacta","direccion","","4.6455971","-74.13936110000002","us8rHtXkVpSzH8a3hwOQsqGuXLI2"
"sin_resultado","false","CONJUNTO RESIDENCIAL MUISCA MANZANA I - P.H.","","CONJUNTO RESIDENCIAL MUISCA MANZANA I, Bogotá, Bogotá D.C., Colombia","","Bogotá","","","","Google solo encontro ""Conjunto Residencial Muisca"", que parece otro conjunto","","","uxWVSVJTnlXg7LhVGhdjJb4GQvl1"
"ok","true","CONJUNTO RESIDENCIAL JULIANA - P.H.","LA CARRERA 10 #4-20","CARRERA 10 #4-20, Bogotá, Bogotá D.C., Colombia","Cra. 10 #4-20, Bogotá, Colombia","Bogotá","Santa Fé","exacta","direccion","","4.5934754","-74.08237419999999","v1zZtlgeJzLBZhOs4jql3qbHmG72"
"ok","true","AGRUPACION DE VIVIENDA SANTA MARIA DE ALSACIA - P.H.","Calle 12C No. 71B-60","Calle 12C # 71B-60, Bogotá, Bogotá D.C., Colombia","Cl. 12c #71B-60, Bogotá, Colombia","Bogotá","Kennedy","exacta","direccion","","4.642518","-74.12597199999999","v64Zsoq4zxdmE93PUIEit75L1ia2"
"revisar","false","CONJUNTO CAMPESTRE APOSENTOS DE YERBABUENA - P.H.","VEREDA MERCENARIO","CONJUNTO CAMPESTRE APOSENTOS DE YERBABUENA, Bogotá, Bogotá D.C., Colombia","Unnamed Road, Sopo, Sopó, Cundinamarca","Bogotá","","aproximada","nombre","La direccion no sirvio; se ubico buscando el nombre (Google: ""Aposentos Yerbabuena"")","4.8429509","-73.98080449999999","vWK7YipoEyXYoklgocFqSMMK6XL2"
"sin_resultado","true","CONJUNTO RESIDENCIAL MANZANA 52 EL PORVENIR - P.H.","Carrera 95 a # 54 F - 02 sur","Carrera 95 a # 54 F - 02 sur, Bogotá, Bogotá D.C., Colombia","","Bogotá","","","","Google la cambio por ""Cra 95A # 54 SUR-41""","","","w682yd7NtYe7APqM8raGphSh5lX2"
"revisar","false","CONJUNTO RESIDENCIAL PARQUES DE CATALUÑA - P.H.","","CONJUNTO RESIDENCIAL PARQUES DE CATALUÑA, Bogotá, Bogotá D.C., Colombia","Cra. 56 #15931, Bogotá","Bogotá","","aproximada","nombre","Sin direccion; se ubico buscando el nombre (Google: ""Conjunto Residencial Parques de Cataluña"")","4.742165","-74.059288","wAcWT5490bhBx3VmpO61rAuvCeM2"
"ok","false","CONJUNTO RESIDENCIAL HAYUELOS DE LA SABANA - P.H.","AVENIDA CARREAR 81 B # 17 90","AVENIDA Carrera 81 B # 17 90, Bogotá, Bogotá D.C., Colombia","Cra. 81b #17-90, Bogotá, Colombia","Bogotá","Fontibón","aproximada","direccion","","4.6587933","-74.13152","wKvg5QbLbzYw9jtDWYL4kodH77d2"
"ok","true","CONJUNTO RESIDENCIAL BRISAS DE CASTILLA - P.H.","Calle 10 # 81B-55","Calle 10 # 81B-55, Bogotá, Bogotá D.C., Colombia","Cl. 10 #81B-55, Bogotá, Colombia","Bogotá","Kennedy","aproximada","direccion","","4.647249899999999","-74.1453971","wVq6bP8YsehydWFrasXENVlQz6F3"
"ok","true","CONJUNTO RESIDENCIAL TIERRABUENA ETAPA I - P.H.","carrera 98 # 2 – 20","carrera 98 # 2 - 20, Bogotá, Bogotá D.C., Colombia","Cra. 98 #2-20, Kennedy, Bogotá, Cundinamarca, Colombia","Bogotá","Kennedy","exacta","direccion","","4.6510845","-74.16878059999999","wYT5FjKl5AeCkjf8jYKKA4TfLc73"
"revisar","true","CONJUNTO RESIDENCIAL PORTAL DE LAS SIERRAS - P.H.","CALLE 65 SUR 1B-51 ESTE","CONJUNTO RESIDENCIAL PORTAL DE LAS SIERRAS, Bogotá, Bogotá D.C., Colombia","Cra. 11 #65-70, sur, Bogotá","Bogotá","","aproximada","nombre","La direccion no sirvio; se ubico buscando el nombre (Google: ""Conjunto Residencial Portal De Las Sierras"")","4.5340558","-74.1173629","wd4gAErFULdPnAzvzwvRW69K5nI2"
"revisar","false","EDIFICIO NEMEQUENE - P.H.","","EDIFICIO NEMEQUENE, Bogotá, Bogotá D.C., Colombia","Cra. 6 #26B-51, Bogotá","Bogotá","","aproximada","nombre","Sin direccion; se ubico buscando el nombre (Google: ""Edificio Nemequene Bogotá"")","4.6130053","-74.069237","xSyg3IpaPjWA2y7W3LyZv5SIbuZ2"
"ok","true","CONJUNTO RESIDENCIAL PRADOS DE CASTILLA ETAPA V SECTOR A - P.H.","la Carrera 90C No. 6A - 31","Carrera 90C # 6A - 31, Bogotá, Bogotá D.C., Colombia","Cra. 90c #6a-31, Kennedy, Bogotá, Colombia","Bogotá","Kennedy","exacta","direccion","","4.6503011","-74.1603337","xdWSjwwezCPU7qfW2WeZcrgrOql2"
"revisar","true","AGRUPACION DE VIVIENDA TEKOA ETAPA V - P.H.","Calle 52 Sur No 95 b – 10","AGRUPACION DE VIVIENDA TEKOA ETAPA V, Bogotá, Bogotá D.C., Colombia","Cra. 97c #50-20, Bosa, Bogotá","Bogotá","","aproximada","nombre","La direccion no sirvio; se ubico buscando el nombre (Google: ""Tekoa V Conjunto Residencial"")","4.6412832","-74.1855303","y1Ebj62iUMZH9z8U00D2VpQfl6z2"
"revisar","false","CONJUNTO RESIDENCIAL MONTELUPO - P.H.","","CONJUNTO RESIDENCIAL MONTELUPO, Bogotá, Bogotá D.C., Colombia","Cl. 14 #3-49, Cota, Cundinamarca","Bogotá","","aproximada","nombre","Sin direccion; se ubico buscando el nombre (Google: ""Conjunto montelupo"")","4.810916","-74.09920699999999","yH9bRFG1gCTuCJ1owbROjfZqjIS2"
"revisar","true","CONJUNTO RESIDENCIAL VILLA VERDE - P.H.","Transversal 2 # 18 A 30 Sur","CONJUNTO RESIDENCIAL VILLA VERDE, Bogotá, Bogotá D.C., Colombia","Cl. 78 Bis Sur #94-27, Bogotá","Bogotá","","aproximada","nombre","La direccion no sirvio; se ubico buscando el nombre (Google: ""Villa Verde"")","4.6273479","-74.20673049999999","yW72KZqedcSZMgo5IO0QBMtWq053"
"ok","true","CONJUNTO RESIDENCIAL PORTAL DE ALCAPARROS - P.H.","Trasversal 19 # 39 C - 105 Soacha","Transversal 19 # 39 C - 105, Soacha, Cundinamarca, Colombia","Tv. 19 #39C 105, Soacha, Cundinamarca, Colombia","Soacha","","exacta","direccion","","4.5953719","-74.205377","ynBMbyZeFnW0hELWUc1Q6aAg7Pj2"
"ok","false","AGRUPACION DE VIVIENDA LOS TULIPANES - P.H.","CARRERA 115 A # 89 B 20","CARRERA 115 A # 89 B 20, Bogotá, Bogotá D.C., Colombia","Cra. 115a #89B-20, Bogotá, Colombia","Bogotá","Engativá","exacta","direccion","","4.7292461","-74.11423649999999","ywkbLEFcI5S5StlgzBTyLtZmldE3"
"revisar","true","CONJUNTO PARQUE RESIDENCIAL PLAZA DE LAS AMERICAS ETAPA II - P.H.","CRA 70 B # 3 31 SUR","CRA 70 B # 3 31 SUR, Bogotá, Bogotá D.C., Colombia","Cra. 70b #3-31, Bogotá, Colombia","Bogotá","Kennedy","exacta","direccion","Google no confirmo el Sur/Este de la direccion","4.6196684","-74.1331877","yypZ4kL1GSZtPqPZXmnQdwWzkGE3"
"ok","true","CONJUNTO RESIDENCIAL CIUDAD FAVIDI MV 11 - P.H.","CALLE 13 78D-13","CALLE 13 78D-13, Bogotá, Bogotá D.C., Colombia","Cl. 13 #78d-13, Bogotá, Colombia","Bogotá","Kennedy","exacta","direccion","","4.6490496","-74.1339761","z7THDFAvSmWNYh09d09iwGOmZTg2"
"ok","true","AGRUPACION DE VIVIENDA SAN MARCOS - P.H.","Calle 139 No. 94 – 90","Calle 139 # 94 - 90, Bogotá, Bogotá D.C., Colombia","Cl. 139 #94 - 90, Bogotá, Colombia","Bogotá","Suba","exacta","direccion","","4.7385326","-74.0885165","zKeXB9DeKTeixdYUffoSYL1Uk2j2"
"revisar","false","CONJUNTO RESIDENCIAL BOSQUE DE LAS AMERICAS - P.H.","","CONJUNTO RESIDENCIAL BOSQUE DE LAS AMERICAS, Bogotá, Bogotá D.C., Colombia","Cl. 6c #82a-38, Bogotá","Bogotá","","aproximada","nombre","Sin direccion; se ubico buscando el nombre (Google: ""Conjunto Residencial Bosque de las Américas"")","4.641511899999999","-74.1528053","zTBAAN5M3Ga0M106yE6oLexWX682"
"ok","true","UNIDAD RESIDENCIAL VILLA EMILIA - P.H.","Carrera 69B # 17-59 Sur","Carrera 69B # 17-59 Sur, Bogotá, Bogotá D.C., Colombia","Conjunto Residencial Villa Emilia, Cra. 69b #17 Sur-59, Kennedy, Bogotá, Colombia","Bogotá","Kennedy","aproximada","direccion","","4.6176114","-74.1300519","zka5McuySSVa4YCoCSgwltVUip23"
"ok","true","EDIFICIO FIORI - P.H.","En la Carrera 57 No.159 - 11","Carrera 57 # 159 - 11, Bogotá, Bogotá D.C., Colombia","Cra. 57 #159-11, Bogotá, Colombia","Bogotá","Suba","exacta","direccion","","4.7424079","-74.06053279999999","znEb90pHwFbZN9w8ghCYEmecXg52"